<?xml version="1.0" encoding="UTF-8"?>
<TEI xml:space="preserve" xmlns="http://www.tei-c.org/ns/1.0" 
xmlns:xsi="http://www.w3.org/2001/XMLSchema-instance" 
xsi:schemaLocation="http://www.tei-c.org/ns/1.0 https://raw.githubusercontent.com/kermitt2/grobid/master/grobid-home/schemas/xsd/Grobid.xsd"
 xmlns:xlink="http://www.w3.org/1999/xlink">
	<teiHeader xml:lang="en">
		<fileDesc>
			<titleStmt>
				<title level="a" type="main">Beyond Gist: Strategic and Incremental Information Accumulation for Scene Categorization</title>
				<funder ref="#_5G58tfF">
					<orgName type="full">Economic and Social Research Council</orgName>
				</funder>
			</titleStmt>
			<publicationStmt>
				<publisher/>
				<availability status="unknown"><licence/></availability>
			</publicationStmt>
			<sourceDesc>
				<biblStruct>
					<analytic>
						<author role="corresp">
							<persName><forename type="first">George</forename><forename type="middle">L</forename><surname>Malcolm</surname></persName>
							<email>glmalcolm@gwu.edu</email>
							<affiliation key="aff1">
								<orgName type="institution">The George Washington University</orgName>
							</affiliation>
						</author>
						<author>
							<persName><forename type="first">Antje</forename><surname>Nuthmann</surname></persName>
							<affiliation key="aff2">
								<orgName type="institution">University of Edinburgh</orgName>
							</affiliation>
						</author>
						<author>
							<persName><forename type="first">Philippe</forename><forename type="middle">G</forename><surname>Schyns</surname></persName>
							<affiliation key="aff3">
								<orgName type="institution">University of Glasgow</orgName>
							</affiliation>
						</author>
						<author>
							<affiliation key="aff0">
								<orgName type="department">Department of Psychology</orgName>
								<orgName type="institution">The George Washington University</orgName>
								<address>
									<addrLine>2125 G St. NW</addrLine>
									<postCode>20052</postCode>
									<settlement>Washington</settlement>
									<region>DC</region>
								</address>
							</affiliation>
						</author>
						<title level="a" type="main">Beyond Gist: Strategic and Incremental Information Accumulation for Scene Categorization</title>
					</analytic>
					<monogr>
						<imprint>
							<date/>
						</imprint>
					</monogr>
					<idno type="MD5">B041935E38262434A3E621F1217FA4F7</idno>
					<idno type="DOI">10.1177/0956797614522816</idno>
					<note type="submission">Received 11/30/12; Revision accepted 12/31/13</note>
				</biblStruct>
			</sourceDesc>
		</fileDesc>
		<encodingDesc>
			<appInfo>
				<application version="0.8.1" ident="GROBID" when="2025-01-25T12:57+0000">
					<desc>GROBID - A machine learning software for extracting information from scholarly documents</desc>
					<ref target="https://github.com/kermitt2/grobid"/>
				</application>
			</appInfo>
		</encodingDesc>
		<profileDesc>
			<textClass>
				<keywords>object recognition, eye movements</keywords>
			</textClass>
			<abstract>
<div xmlns="http://www.tei-c.org/ns/1.0"><p>In order to interact with the world, people must quickly extract the semantic meaning of their environment to effectively guide their subsequent behaviors. Within around 100 ms of the onset of a scene, its "story," or gist, can be gleaned <ref type="bibr" target="#b13">(Potter, 1975</ref><ref type="bibr" target="#b14">(Potter, , 1976))</ref>. These incredible scene-processing speeds have often led researchers to treat categorization as a perceptually driven process with semantic meaning passively emerging in a set hierarchy as critical properties become available to the visual system (Fei-Fei, Iyer,  </p></div>
			</abstract>
		</profileDesc>
	</teiHeader>
	<text xml:lang="en">
		<body>
<div xmlns="http://www.tei-c.org/ns/1.0"> <ref type="bibr" target="#b16">Rosch, Mervis, Gray, Johnson, &amp; Boyes-Braem, 1976;</ref><ref type="bibr" target="#b19">Schyns, 1998;</ref><ref type="bibr" target="#b24">Tversky &amp; Hemenway, 1983)</ref><p>. The information accrued over time from the input scene could be constrained by these different categorization tasks, which suggests a bidirectional interplay between visual information in the input and information requirements in scene memory <ref type="bibr" target="#b19">(Schyns, 1998)</ref>.</p><p>The present study investigated whether there is evidence for this bidirectional interplay. We presented lowpass filtered scenes allowing just enough information for gist recognition. In addition, a gaze-contingent moving window (see <ref type="bibr" target="#b9">McConkie &amp; Rayner, 1975)</ref> enabled observers to freely supplement gist information with foveated full-resolution details. By recording fixation locations when basic and subordinate categorizations were performed, we identified not only the image coordinates of each fixation, but also modeled the specific full-resolution details and objects facilitating each judgment. If lowresolution image statistics (i.e., low spatial frequencies, or LSFs) suffice for gist processing, then full-resolution fixations are superfluous and should be randomly distributed over the input scene. Conversely, if access to the categorization hierarchy requires additional information, then observers will generate systematic fixations onto full-resolution diagnostic objects. Such evidence would go beyond gist by demonstrating the critical (and often neglected) feedback loop existing between the different information requirements of hierarchical scene categorizations and the incremental accrual of categorizationspecific information from the same scene.</p></div>
<div xmlns="http://www.tei-c.org/ns/1.0"><head>Method</head></div>
<div xmlns="http://www.tei-c.org/ns/1.0"><head>Participants</head><p>Twenty-eight participants from the University of Edinburgh took part in the experiment. All reported normal or corrected-to-normal vision and gave informed consent before participating.</p></div>
<div xmlns="http://www.tei-c.org/ns/1.0"><head>Apparatus</head><p>Stimuli were presented on a 21-in. ViewSonic (London, England) G225f CRT monitor (refresh rate = 140 Hz) positioned 90 cm from participants (25.18° × 19.01°). Participants sat with their head in a chin rest and made responses using a button box. We recorded eye movements using an SR Research (Mississauga, Ontario, Canada) EyeLink binocular desktop-mount system, equipped with a 2000-Hz camera upgrade, which allowed for binocular recordings at a sampling rate of 1000 Hz for each eye. Participants viewed stimuli binocularly, with the position of the gaze-contingent moving window determined by taking the mean of the two eye positions.</p></div>
<div xmlns="http://www.tei-c.org/ns/1.0"><head>Stimuli and design</head><p>We selected 32 scenes from Google Images and converted them to gray scale (800 × 600 pixel resolution). Each scene belonged to one of four basic-level categories (restaurant, classroom, road, and pool), and within each basic category, each scene belonged to one of four subordinate categories (restaurant: diner, cafeteria, fine-dining establishment, pub; classroom: computer lab, lecture hall, preschool, elementary school; road: motorway, culde-sac, city street, roundabout; pool: Olympic pool, above-ground pool, Jacuzzi, water park). Thus, each scene could be categorized at two levels of specificity (Fig. <ref type="figure" target="#fig_0">1</ref>).</p><p>We low-pass filtered scenes (i.e., removed highspatial-frequency, or HSF, details) to leave only information below 25 × 18.75 cycles per image (0.83 × 0.62 cycles per degree of visual angle). A pilot test found that with this filtering, participants made basic and subordinate category judgments with 78% and 23% accuracy, respectively, during a four-alternative forced-choice (4AFC) task. In addition to showing participants low-pass-filtered images, we provided them with the ability to obtain additional visual details to inform their category decision: A gaze-contingent moving window, 2.5° in diameter, provided full-resolution information from the scene to foveal vision. Updating the display required 1 ms to receive gaze-position information from the eye tracker, less than 1 ms to draw the image textures, and up to 7 ms to refresh the screen. We smoothed the perimeter of the window with a Gaussian low-pass filter to avoid possible perceptual problems resulting from sharp-boundary windows (Fig. <ref type="figure" target="#fig_1">2</ref>). The gaze-contingent window afforded viewers the ability to flesh out aspects of the scene with extra HSF details to facilitate category judgments, which would expose the feedback process.</p></div>
<div xmlns="http://www.tei-c.org/ns/1.0"><head>Procedure</head><p>We assigned participants evenly to the basic and subordinate conditions.</p><p>Basic condition. In the basic condition, we first showed participants unfiltered examples from each of the four basic scene categories (none of these examples appeared in the experiment). When participants indicated that they understood the category labels, they then proceeded to the gaze-contingent experiment. The experiment started with four filler trials, with one scene from each basic category, followed by the 32 test scenes presented in random order. In each trial, the gaze-contingent window did not appear until after the first fixation, so if the information contained in the low-pass-filtered image was enough, then no eye movements would be necessary. Participants viewed each scene until they were ready to make a category response, which they did by pressing a button. The scene then disappeared, and participants chose which category the scene belonged to using a separate set of buttons. Trials timed out after 15 s if the button was not pressed.</p><p>Subordinate condition. The paradigm in the subordinate condition was the same as in the basic condition, with the following exceptions. We divided test scenes into blocks by their basic-level category. Each block now started with an unfiltered example from each subordinate category. Once participants indicated that they understood the category labels, the block of trials began with four filler trials, one from each subordinate category within the basic group, followed by the eight test scenes in random order. Blocks appeared in random order.</p></div>
<div xmlns="http://www.tei-c.org/ns/1.0"><head>Results</head><p>We excluded incorrect trials in which the wrong category was selected (16 and 27 from the basic and subordinate conditions, respectively) and trials that timed out after 15 s (2 from the subordinate group). The remaining 432 and 419 trials eligible for analysis comprised 96.4% and 93.5% of the basic and subordinate trials, respectively. Analyses also took into account which basic-level category (henceforth called stimuli type) the scene belonged to, thereby allowing for a 2 × 4 mixed-design analysis of variance (ANOVA) with judgment (basic vs. subordinate) as a between-subjects factor and stimuli type (classroom, pool, restaurant, road) as a within-subjects factor. Whenever assumption of sphericity was violated, we used a Greenhouse-Geisser correction.</p><p>We found a main effect of judgment on response time (RT); processing was faster in the basic condition (M = 2,305 ms) than in the subordinate condition (M = 3,253 ms), F(1, 26) = 9.277, p = .005, η p 2 = .263. There was also a main effect of stimuli type, F(3, 78) = 12.910, p &lt; .001, η p 2 = .332 (Ms = 2,832, 2,709, 3,419, and 2,157 ms for classrooms, pools, restaurants, and roads, respectively), but no interaction between the two factors, F(3, 78) = 1.805, p = .153, η p 2 = .065 (Table <ref type="table" target="#tab_0">1</ref>). The RT difference suggests that participants' ability to categorize a scene depends on the information needed for each level of specificity. However, it is not clear what participants were doing during this time: If participants in the subordinate condition used the extra time to accrue HSF information to facilitate their judgment, they should have made more eye movements than participants in the basic condition. Conversely, if participants found all their needed information in the low-pass-filtered image, and the increased RT was simply due to a longer decisionmaking process, then there should be a similar number of fixations across categorization conditions.  We found a main effect of judgment on fixation count, with more fixations made during subordinate categorizations (M = 9.72) than during basic categorizations (M = 5.40), F(1, 26) = 17.906, p &lt; .001, η p 2 = .408. There was also a main effect of stimuli type, F(3, 78) = 9.558, p &lt; .001, η p 2 = .269 (Ms = 7.76, 7.23, 9.36, and 5.89 for classrooms, pools, restaurants, and roads, respectively), but no interaction, F(3, 78) = 1.201, p = .315, η p 2 = .044 (Table <ref type="table" target="#tab_0">1</ref>). Thus, participants did indeed generate eye movements to supplement visible LSF information with HSF details. Such details were acquired even during basic-level categorization, which demonstrates that viewers use HSF information when available. Additionally, participants in the subordinate condition, compared with those in the basic condition, needed more time and fixations-this suggests that performing subordinate-level categorizations is a separate, slower information-accrual process than performing basic-level categorizations.</p></div>
<div xmlns="http://www.tei-c.org/ns/1.0"><head>Eye movement strategies</head><p>These results suggest that scene categorization demands different information depending on the required level of specificity. In order to further probe the changing nature of information accrual across hierarchical levels, we examined respective eye movement strategies. Both basic and subordinate categorization required HSF information in addition to LSF information, but if the respective sampling processes differed, then eye movement strategies should have differed as well.</p><p>We first examined initial saccade latency: the time between scene onset and the initiation of the first saccade. There was a main effect of judgment, F(1, 26) = 5.720, p = .024, η p 2 = .180, with basic categorizations having longer saccade latencies (M = 421 ms) than subordinate categorizations (M = 352 ms), but no effect of stimuli type or interaction with judgment (Fs &lt; 1; Table <ref type="table" target="#tab_0">1</ref>). Thus, even within the first approximately 350 ms of scene onset, when the exact same visual image was available (the full-resolution window did not appear until after the first saccade), the respective information demands affected category processing.</p><p>We then examined fixation durations (not including the initial saccade latency) and saccade amplitudes. There was a main effect of judgment on fixation duration, F(1, 26) = 8.246, p = .008, η p 2 = .241 (basic: M = 381 ms; subordinate: M = 300 ms), a trend for stimuli type, F(3, 78) = 2.242, p = .09, η p 2 = .079 (Ms = 329, 354, 341, and 335 ms for classrooms, pools, restaurants, and roads, respectively), as well as a significant interaction, F(3, 78) = 3.207, p = .028, η p 2 = .110. This interaction occurred because participants in the basic condition had numerically longer fixations when categorizing pool scenes (M = 383 ms) compared with participants in the subordinate condition (M = 325 ms), t(26) = 1.598, p = .122; fixation durations for all other scenes were significant, ts &gt; 2.370, ps &lt; .025 (Table <ref type="table" target="#tab_0">1</ref>). There was no effect of judgment on saccade amplitudes (F &lt; 1); however, as one would expect given the different layouts between the different category groups, there was a main effect of stimuli type, F(3, 78) = 5.882, p = .001, η p 2 = .184 (Ms = 2.75°, 2.31°, 2.72°, and 2.51° for classrooms, pools, restaurants, and roads, respectively; Table <ref type="table" target="#tab_0">1</ref>). There was no interaction, F(3, 78) = 1.444, p = .237, η p 2 = .053. These results demonstrate that participants' initial and subsequent fixation durations differed depending on the categorization being made, a finding that supports different ongoing processes.</p></div>
<div xmlns="http://www.tei-c.org/ns/1.0"><head>Gaze patterns</head><p>Within the categorization hierarchy, there are more common attributes at the subordinate than at the basic category level; however, there are generally more features that allow viewers to differentiate one basic category from another than there are that allow viewers to differentiate one subordinate category from another <ref type="bibr" target="#b16">(Rosch et al., 1976)</ref>. Thus, subordinate diagnostic information is comparatively sparser and more difficult to locate in the image than the associated basic diagnostic information. This difference should affect information-sampling strategies. We analyzed gaze patterns over time by measuring the distance of fixations from the center of the image over the first five fixations. We found fixations distributed in a center-surround pattern for basic and subordinate judgments, respectively (Fig. <ref type="figure" target="#fig_2">3</ref>).</p><p>A three-way mixed-design 2 (judgment: basic, subordinate) × 4 (stimuli type: classroom, pool, restaurant, road) × 5 (ordinal fixation: 1, 2, 3, 4, 5) ANOVA on fixation distance from screen center revealed a critical interaction between judgment and ordinal fixation, F(4, 88) = 3.661, p = .008, η p 2 = .143; this interaction indicates that participants carried out different sampling strategies over the first five fixations depending on the judgment they were assigned to make (Fig. <ref type="figure" target="#fig_3">4</ref>).</p><p>Participants directed fixations further into the periphery of the scene during their first five fixations in the subordinate condition than in the basic condition, which suggests a wider search for diagnostic object information. For the sake of completeness, there was no main effect of judgment, F(1, 22) = 2.163, p = .156, η p 2 = .090, though there was an effect of stimuli type, F(3, 66) = 4.342, p = .007, η p 2 = .165 (Ms = 3.88°, 3.47°, 3.87°, and 3.52° for classrooms, pools, restaurants, and roads, respectively) as well as of ordinal fixation, F(2.286, 50.288) = 42.240, p &lt; .001, η p 2 = .658 (Ms = 2.55°, 3.28°, 3.86°, 4.26°, and 4.48° from the center for Fixations 1 through 5, respectively). There was no interaction between stimuli type and ordinal count (F &lt; 1), no interaction between judgment and stimuli type, F(3, 66) = 2.012, p = .121, η p 2 = .084, and no three-way interaction (F &lt; 1).</p></div>
<div xmlns="http://www.tei-c.org/ns/1.0"><head>Diagnostic objects</head><p>To ascertain which objects were diagnostic during categorization at each level, we calculated the mean proportion of fixations on each object in both conditions. All objects that fell within the gaze-contingent window during a fixation were considered fixated. To determine statistical validity, we compared the mean proportion of fixations per object and condition against the overall fixation proportion in a bootstrap analysis using 14,000 repetitions.</p><p>In both the basic and subordinate conditions, each scene contained significantly fixated objects (ps &lt; .05), which indicates that participants always accrued specific object information to complement the LSF gist. Additionally, as every scene contained at least one object-and usually many more-that was diagnostic for only one level, it is clear that participants strategically directed gaze to find and extract hierarchy-specific diagnostic information (Fig. <ref type="figure" target="#fig_4">5</ref>).</p></div>
<div xmlns="http://www.tei-c.org/ns/1.0"><head>Validation of diagnostic objects</head><p>To verify that these significant objects were diagnostic, we asked 36 new participants to categorize scenes at either the basic or subordinate level using the same paradigm as in the gaze-contingent experiment, except that scenes were now masked after 150 ms, and eye movements were not recorded. During presentation, each scene was low-pass filtered except for the objects previously identified as diagnostic at either the basic or subordinate level, which were shown without filtering (Fig. <ref type="figure" target="#fig_5">6</ref>). The two types of diagnostic information (basic vs. subordinate) for each scene were distributed evenly across participants in both categorization groups, creating a 2 × 2 mixed design (because there were only eight scenes per basic category and we were measuring accuracy, stimuli type was collapsed). We predicted that accuracy should be high when making a categorization with diagnostic information at the same level (i.e., subordinate objects with a subordinate judgment and basic objects with a basic judgment). We further predicted that because comparatively fewer objects distinguish one subordinate category from another than distinguish one basic category from another <ref type="bibr" target="#b16">(Rosch et al., 1976)</ref>, swapping the diagnostic objects (i.e., presenting basic objects for a subordinate judgment and vice versa) should have a minimal effect on basic-level categorization but a larger effect on subordinate judgments.</p><p>We next calculated the mean proportion of hits in both conditions. Analyses revealed a main effect of judgment on accuracy, F(1, 34) = 9.339, p = .004, η p 2 = .215 (basic: M = .79; subordinate: M = .71) and a main effect of diagnostic information, F(1, 34) = 15.871, p &lt; .001, η p 2 = .318 (basic: M = .71; subordinate: M = .79). There was also a trend for an interaction, F(1, 34) = 3.456, p = .072, η p 2 = .092 (Fig. <ref type="figure" target="#fig_5">6</ref>), which was due to a significant change in subordinate categorization accuracy when basic or subordinate diagnostic objects were visible (Ms = .65 and .76, respectively), t(17) = 4.134, p = .001, but no significant difference during basic categorization (basic diagnostic objects: M = .77 and subordinate diagnostic objects: M = .81), t(17) = 1.506, p = .151. The results confirm that the objects fixated during the gaze-contingent experiment were indeed diagnostic for the respective categorization processes.</p></div>
<div xmlns="http://www.tei-c.org/ns/1.0"><head>Behavior verification</head><p>To investigate whether categorizing normal, full-resolution scenes involves similar sampling strategies, we asked 28 new participants to categorize full-resolution images with no gaze-contingent window. Half were assigned to make basic judgments, and half were assigned to make subordinate judgments. During these normal viewing conditions, there was a strong trend of judgment on RT, F(1, 26) = 3.568, p = .070, η p 2 = .121, with basic categorization needing less time (1,062 ms) than subordinate categorization (1,272 ms). There was a main effect of stimuli type, F(2.084, 54.188) = 7.080, p = .002, η p 2 = .214 (Ms = 1,269, 1,128, 1,273, and 998 ms for classrooms, pools, restaurants, and roads, respectively) as well as a trend for an interaction, F(3, 78) = 2.596, p = .058, η p 2 = .091, which was due to restaurants taking significantly longer to categorize at the subordinate level (M = 1,471 ms) than at the basic level (M = 1,075 ms), t(26) = 3.00, p = .006. Similar numerical patterns were obtained for classrooms (basic: M = 1,204 ms; subordinate: M = 1,333 ms), pools (basic: M = 989 ms; subordinate: M = 1,266 ms), and roads (basic: M = 979 ms; subordinate: M = 1,016 ms), but they were not significant (ts &lt; 1.629, ps &gt; .115).</p><p>Fixation counts showed a similar pattern of results, with basic categorization requiring fewer fixations (M = 2.95) than subordinate categorization (M = 4.01), F(1, 26) = 5.391, p = .028, η p 2 = .172. There was also a main effect of stimuli type, F(1.909, 49.641) = 8.239, p = .001, η p 2 = .241 (Ms = 3.96, 3.21, 3.85, and 2.89 for classrooms, pools, restaurants, and roads, respectively), and a trend for an interaction, F(3, 78) = 2.637, p = .055, η p 2 = .092, which was due to significantly more fixations during subordinate than during basic decisions for pools (basic: M = 2.52; subordinate: M = 3.91), t(26) = 1.901, p = .068, and for restaurants (basic: M = 3.01; subordinate: M = 4.69), t(26) = 3.363, p = .002. In contrast, there was a similar numerical pattern but no significant difference for classrooms (basic: M = 3.57; subordinate: M = 4.34) and roads (basic: M = 2.69; subordinate: M = 3.09), ts &lt; 1.415, ps &gt; .169. The similarity of the RT and fixation-count results with those from the gaze-contingent experiment demonstrates that even when viewing full-resolution images, participants need more time and fixations to accrue diagnostic information when making subordinate decisions.</p><p>Additional analyses examined eye movement behaviors, including initial saccade latency, fixation duration, and saccade amplitude. For initial saccade latency, there was no main effect of judgment, F(1, 26) = 1.708, p = .203, η p 2 = .062, or stimuli type, nor was there an interaction between the two for initial saccade latency (Fs &lt; 1). Fixation durations showed no main effect of judgment (F &lt; 1), though there was an effect of stimuli type, F(2.288, 59.487) = 4.539, p = .011, η p 2 = .149, (Ms = 257, 312, 265, and 277 ms for classrooms, pools, restaurants, and roads, respectively). There was no interaction, F(3, 78) = 1.276, p = .288, η p 2 = .047. No main effect of saccade amplitude on judgment appeared, F(1, 26) = 1.122, p = .299, η p 2 = .041, but there was an effect of stimuli type, F(3, 78) = 20.836, p &lt; .001, η p 2 = .445 (Ms = 4.06°, 3.33°, 4.31°, and 3.44° for classrooms, pools, restaurants, and roads, respectively), and an interaction, F(3, 78) = 4.869, p = .004, η p 2 = .158, with restaurants having a trend for longer saccades during subordinate categorizations (M = 4.62°) than during basic categorizations (M = 3.99°), t(26) = 1.735, p = .094. In contrast, there were similar, but not significant, numerical patterns for classrooms (basic: M = 3.81°; subordinate: M = 4.31°) and pools (basic: M = 3.04°; subordinate: M = 3.63°), ts &lt; 1.560, ps &gt; .131, whereas for roads, there were longer saccades in the basic condition (M = 3.61°) than in the subordinate condition (M = 3.27°), t &lt; 1.  In sum, the consistent RT and fixation count results between the gaze-contingent experiment and the unfiltered-image control experiment suggest that even when participants view unfiltered images, subordinate categorizations are a separate, slower process than basic categorizations. However, fixation durations are no longer affected as a function of task when participants view fullresolution images.</p></div>
<div xmlns="http://www.tei-c.org/ns/1.0"><head>General Discussion</head><p>Gist-processing research has generally focused on identifying the minimal common attributes that distinguish categories rather than examining the information demands that bias the categorization process. Here, we demonthat during scene viewing, there is a feedback component creates a bidirectional interplay between available information and task goals and that this leads to categorization at a specified level.</p><p>In particular, our data reveal that LSF information does not provide the full range of diagnostic information for basic-level access: The several fixations made prior to a category judgment indicate that there is often a need for additional object processing. Our data indicate that observers go beyond assumed LSF gist information to find an entry point into the categorical hierarchy, which means that global, coarse scene representations might be necessary but are not always sufficient. Given the nature of the paradigm we used, it is possible that some of the fixations were made in order to verify that a basic category decision was correct. However, even in such situations, coarse global properties clearly did not provide enough information to rapidly process gist, so additional object information was needed. Determining gist can therefore be thought of as a process of information sampling across multiple scales of information.</p><p>In addition, the sampling strategy during basic categorization was found to differ from the strategy used during subordinate categorizations, which indicates that strategic acquisition processes vary as a function of the task and further corroborates that information demands bias the scene-categorization process. Because the original LSF information at scene onset was the same across both conditions, this difference in sampling extends soft-wired hypotheses <ref type="bibr" target="#b10">(Oliva &amp; Schyns, 1997)</ref> because it suggests that the visual system does not rely on a single mode of processing but that given the range of information available, it can adjust a sampling strategy to categorize an image with maximum efficiency. It should be noted that participants in our subordinate condition already knew the basic-level category prior to all trials, which possibly influenced their sampling strategy. However, given that the goal was to isolate the sampling strategy at the basic and subordinate levels, this detail was necessary to separate the two processes. Now that we have uncovered sampling strategy markers for these two hierarchical levels, it would be interesting to investigate with more ecologically valid, open-ended categorizations (e.g., participants categorize scenes at the subordinate level with no a priori basiclevel knowledge) when the shift in strategies takes place. It could be a strictly sequential process in which basiclevel categorization must be completed prior to subordinate-related information sampling, or there could be an overlap in which subordinate sampling strategies begin while basic-level categorizations are not fully formed. Such a distinction would help refine the understanding of how the viewer samples and integrates diagnostic information prior to a judgment.</p></div><figure xmlns="http://www.tei-c.org/ns/1.0" xml:id="fig_0"><head>Fig. 1 .</head><label>1</label><figDesc>Fig. 1. Examples of scenes from each category. Each scene could be categorized into one of four groups, both at the basic level (shown in boldface) and the subordinate level (shown in regular type). Stimuli consisted of 32 scenes, half of which are shown here.</figDesc><graphic coords="3,52.80,508.68,113.66,85.46" type="bitmap" /></figure>
<figure xmlns="http://www.tei-c.org/ns/1.0" xml:id="fig_1"><head>Fig. 2 .</head><label>2</label><figDesc>Fig. 2.Example of what a participant might have seen during the gaze-contingent experiment. Each scene was presented at low spatial frequencies. However, an area 2.5° in diameter appeared in full resolution wherever participants moved their eyes. A Gaussian low-pass filter was applied around the border of the window to avoid perceptual problems resulting from sharp boundaries.</figDesc><graphic coords="4,50.25,69.00,240.00,195.36" type="bitmap" /></figure>
<figure xmlns="http://www.tei-c.org/ns/1.0" xml:id="fig_2"><head>Fig. 3 .</head><label>3</label><figDesc>Fig. 3. All fixations made by participants in the basic condition (blue) and subordinate condition (red), during the gaze-contingent experiment. Overlapping areas appear as purple. Results are shown for one scene from each category.</figDesc><graphic coords="6,61.51,69.00,481.92,379.20" type="bitmap" /></figure>
<figure xmlns="http://www.tei-c.org/ns/1.0" xml:id="fig_3"><head>Fig. 4 .</head><label>4</label><figDesc>Fig. 4. Distance of fixations from the center of the screen as a function of ordinal fixation, separately for the four basic categories of stimuli. Black circles and crosses represent individual means for each participant in the basic and subordinate conditions, respectively. Means across the basic and subordinate conditions are indicated, respectively, by blue and red circles (lines connecting the condition means are shown for clarity). Errors bars represent ±1 SE.</figDesc></figure>
<figure xmlns="http://www.tei-c.org/ns/1.0" xml:id="fig_4"><head>Fig. 5 .</head><label>5</label><figDesc>Fig. 5. Illustration showing fixated scene regions in the basic and subordinate conditions. Each panel shows a low-pass-filtered version of a scene from one of the four categories in which every fixated area in both categorization groups is mapped in full resolution (objects are outlined here for clarity). Blue regions indicate objects significantly fixated in the basic condition, red regions indicate objects significantly fixated in the subordinate condition, and purple areas indicate objects significantly fixated in both conditions.</figDesc><graphic coords="8,311.37,323.01,235.10,176.78" type="bitmap" /></figure>
<figure xmlns="http://www.tei-c.org/ns/1.0" xml:id="fig_5"><head>Fig. 6 .</head><label>6</label><figDesc>Fig. 6. Paradigm and results from the validation experiment. Participants were asked to categorize individual scenes, but unlike in the gazecontingent experiment, each scene contained objects identified as diagnostic at either the basic level (example shown on left) or subordinate level (example shown in middle). These objects were revealed at full resolution while the rest of the scene was low-pass filtered. The graph shows mean accuracy as a function of condition and the type of diagnostic information presented. The dashed line indicates chance performance. Error bars represent ±1 SE.</figDesc><graphic coords="9,48.99,131.36,155.69,116.87" type="bitmap" /></figure>
<figure xmlns="http://www.tei-c.org/ns/1.0" type="table" xml:id="tab_0"><head>Table 1 .</head><label>1</label><figDesc>Results From the Gaze-Contingent Experiment: Means for Key Variables for Each of the Four Scene Categories in Each Condition</figDesc><table><row><cell></cell><cell cols="2">Classroom</cell><cell cols="2">Pool</cell><cell cols="2">Restaurant</cell><cell cols="2">Road</cell></row><row><cell></cell><cell>Basic</cell><cell>Subordinate</cell><cell>Basic</cell><cell>Subordinate</cell><cell>Basic</cell><cell>Subordinate</cell><cell>Basic</cell><cell>Subordinate</cell></row><row><cell>Measure</cell><cell>condition</cell><cell>condition</cell><cell>condition</cell><cell>condition</cell><cell>condition</cell><cell>condition</cell><cell>condition</cell><cell>condition</cell></row><row><cell>Response time</cell><cell cols="8">2,402 (252) 3,262 (352) 2,428 (269) 2,990 (245) 2,676 (212) 4,162 (366) 1,715 (170) 2,598 (331)</cell></row><row><cell>(ms)</cell><cell></cell><cell></cell><cell></cell><cell></cell><cell></cell><cell></cell><cell></cell><cell></cell></row><row><cell>Number of</cell><cell>5.74 (0.72)</cell><cell>9.77 (1.12)</cell><cell>5.64 (0.60)</cell><cell>8.82 (0.93)</cell><cell cols="3">6.54 (0.64) 12.17 (1.27) 3.66 (0.32)</cell><cell>8.11 (1.27)</cell></row><row><cell>fixations</cell><cell></cell><cell></cell><cell></cell><cell></cell><cell></cell><cell></cell><cell></cell><cell></cell></row><row><cell>Initial saccade</cell><cell cols="8">419 (26.61) 371 (22.97) 418 (32.26) 327 (16.98) 437 (37.34) 357 (19.09) 411 (25.33) 351 (17.61)</cell></row><row><cell>latency (ms)</cell><cell></cell><cell></cell><cell></cell><cell></cell><cell></cell><cell></cell><cell></cell><cell></cell></row><row><cell>Fixation</cell><cell cols="8">369 (21.14) 290 (18.93) 383 (24.07) 325 (27.00) 377 (22.80) 306 (19.40) 394 (23.17) 277 (15.47)</cell></row><row><cell>duration (ms)</cell><cell></cell><cell></cell><cell></cell><cell></cell><cell></cell><cell></cell><cell></cell><cell></cell></row><row><cell>Saccade</cell><cell>2.55 (0.25)</cell><cell>2.96 (0.24)</cell><cell>2.14 (0.17)</cell><cell>2.47 (0.24)</cell><cell>2.70 (0.24)</cell><cell>2.73 (0.26)</cell><cell>2.50 (0.28)</cell><cell>2.52 (0.25)</cell></row><row><cell>amplitude</cell><cell></cell><cell></cell><cell></cell><cell></cell><cell></cell><cell></cell><cell></cell><cell></cell></row><row><cell>(degrees)</cell><cell></cell><cell></cell><cell></cell><cell></cell><cell></cell><cell></cell><cell></cell><cell></cell></row></table><note><p>Note: Standard errors are given in parentheses. Number of fixations did not include the initial fixation at scene onset. Fixation durations did not include the initial saccade latency.</p></note></figure>
		</body>
		<back>

			<div type="funding">
<div><p>Funding <rs type="person">G. L. Malcolm</rs> was supported by <rs type="funder">Economic and Social Research Council</rs> Grant <rs type="grantNumber">PTA-026-27-2500</rs>.</p></div>
			</div>
			<listOrg type="funding">
				<org type="funding" xml:id="_5G58tfF">
					<idno type="grant-number">PTA-026-27-2500</idno>
				</org>
			</listOrg>
			<div type="annex">
<div xmlns="http://www.tei-c.org/ns/1.0"><head>Author Contributions</head></div>
<div xmlns="http://www.tei-c.org/ns/1.0"><head>Declaration of Conflicting Interests</head><p>The authors declared that they had no conflicts of interest with respect to their authorship or the publication of this article.</p></div>			</div>
			<div type="references">

				<listBibl>

<biblStruct xml:id="b0">
	<analytic>
		<title level="a" type="main">Recognition-by-components: A theory of human image understanding</title>
		<author>
			<persName><forename type="first">I</forename><surname>Biederman</surname></persName>
		</author>
	</analytic>
	<monogr>
		<title level="j">Psychological Review</title>
		<imprint>
			<biblScope unit="volume">94</biblScope>
			<biblScope unit="page" from="115" to="147" />
			<date type="published" when="1987">1987</date>
		</imprint>
	</monogr>
</biblStruct>

<biblStruct xml:id="b1">
	<analytic>
		<title level="a" type="main">Visual object recognition</title>
		<author>
			<persName><forename type="first">I</forename><surname>Biederman</surname></persName>
		</author>
	</analytic>
	<monogr>
		<title level="m">An invitation to cognitive science</title>
		<editor>
			<persName><forename type="first">S</forename><forename type="middle">F</forename><surname>Kosslyn</surname></persName>
		</editor>
		<editor>
			<persName><forename type="first">D</forename><forename type="middle">N</forename><surname>Osherson</surname></persName>
		</editor>
		<meeting><address><addrLine>Cambridge, MA</addrLine></address></meeting>
		<imprint>
			<publisher>MIT Press</publisher>
			<date type="published" when="1995">1995</date>
			<biblScope unit="volume">2</biblScope>
			<biblScope unit="page" from="121" to="165" />
		</imprint>
	</monogr>
	<note>2nd ed.</note>
</biblStruct>

<biblStruct xml:id="b2">
	<analytic>
		<title level="a" type="main">Ultrarapid categorisation of natural scenes does not rely on colour cues: A study in monkeys and humans</title>
		<author>
			<persName><forename type="first">A</forename><surname>Delorme</surname></persName>
		</author>
		<author>
			<persName><forename type="first">G</forename><surname>Richard</surname></persName>
		</author>
		<author>
			<persName><forename type="first">M</forename><surname>Fabre-Thorpe</surname></persName>
		</author>
	</analytic>
	<monogr>
		<title level="j">Vision Research</title>
		<imprint>
			<biblScope unit="volume">40</biblScope>
			<biblScope unit="page" from="2187" to="2200" />
			<date type="published" when="2000">2000</date>
		</imprint>
	</monogr>
</biblStruct>

<biblStruct xml:id="b3">
	<analytic>
		<title level="a" type="main">What do we perceive in a glance of a real-world scene</title>
		<author>
			<persName><forename type="first">L</forename><surname>Fei-Fei</surname></persName>
		</author>
		<author>
			<persName><forename type="first">A</forename><surname>Iyer</surname></persName>
		</author>
		<author>
			<persName><forename type="first">C</forename><surname>Koch</surname></persName>
		</author>
		<author>
			<persName><forename type="first">P</forename><surname>Perona</surname></persName>
		</author>
		<ptr target="http://www.journalofvision.org/content/7/1/10" />
	</analytic>
	<monogr>
		<title level="j">Journal of Vision</title>
		<imprint>
			<biblScope unit="volume">7</biblScope>
			<biblScope unit="issue">1</biblScope>
			<date type="published" when="2007">2007</date>
		</imprint>
	</monogr>
</biblStruct>

<biblStruct xml:id="b4">
	<analytic>
		<title level="a" type="main">Why do we SLIP to the basic level? Computational constraints and their implementation</title>
		<author>
			<persName><forename type="first">F</forename><surname>Gosselin</surname></persName>
		</author>
		<author>
			<persName><forename type="first">P</forename><forename type="middle">G</forename><surname>Schyns</surname></persName>
		</author>
	</analytic>
	<monogr>
		<title level="j">Psychological Review</title>
		<imprint>
			<biblScope unit="volume">108</biblScope>
			<biblScope unit="page" from="735" to="758" />
			<date type="published" when="2001">2001</date>
		</imprint>
	</monogr>
</biblStruct>

<biblStruct xml:id="b5">
	<analytic>
		<title level="a" type="main">The briefest of glances: The time course of natural scene understanding</title>
		<author>
			<persName><forename type="first">M</forename><forename type="middle">R</forename><surname>Greene</surname></persName>
		</author>
		<author>
			<persName><forename type="first">A</forename><surname>Oliva</surname></persName>
		</author>
	</analytic>
	<monogr>
		<title level="j">Psychological Science</title>
		<imprint>
			<biblScope unit="volume">20</biblScope>
			<biblScope unit="page" from="464" to="472" />
			<date type="published" when="2009">2009</date>
		</imprint>
	</monogr>
</biblStruct>

<biblStruct xml:id="b6">
	<analytic>
		<title level="a" type="main">Recognition of natural scenes from global properties: Seeing the forest without representing the trees</title>
		<author>
			<persName><forename type="first">M</forename><forename type="middle">R</forename><surname>Greene</surname></persName>
		</author>
		<author>
			<persName><forename type="first">A</forename><surname>Oliva</surname></persName>
		</author>
	</analytic>
	<monogr>
		<title level="j">Cognitive Psychology</title>
		<imprint>
			<biblScope unit="volume">58</biblScope>
			<biblScope unit="page" from="137" to="179" />
			<date type="published" when="2009">2009</date>
		</imprint>
	</monogr>
</biblStruct>

<biblStruct xml:id="b7">
	<analytic>
		<title level="a" type="main">Processing scene context: Fast categorization and object interference</title>
		<author>
			<persName><forename type="first">O</forename><surname>Joubert</surname></persName>
		</author>
		<author>
			<persName><forename type="first">G</forename><surname>Rousselet</surname></persName>
		</author>
		<author>
			<persName><forename type="first">D</forename><surname>Fize</surname></persName>
		</author>
		<author>
			<persName><forename type="first">M</forename><surname>Fabre-Thorpe</surname></persName>
		</author>
	</analytic>
	<monogr>
		<title level="j">Vision Research</title>
		<imprint>
			<biblScope unit="volume">47</biblScope>
			<biblScope unit="page" from="3286" to="3297" />
			<date type="published" when="2007">2007</date>
		</imprint>
	</monogr>
</biblStruct>

<biblStruct xml:id="b8">
	<analytic>
		<title level="a" type="main">The natural/man-made distinction is made prior to basic-level distinctions in scene gist processing</title>
		<author>
			<persName><forename type="first">L</forename><forename type="middle">C</forename><surname>Loschky</surname></persName>
		</author>
		<author>
			<persName><forename type="first">A</forename><forename type="middle">M</forename><surname>Larson</surname></persName>
		</author>
	</analytic>
	<monogr>
		<title level="j">Visual Cognition</title>
		<imprint>
			<biblScope unit="volume">18</biblScope>
			<biblScope unit="page" from="513" to="536" />
			<date type="published" when="2010">2010</date>
		</imprint>
	</monogr>
</biblStruct>

<biblStruct xml:id="b9">
	<analytic>
		<title level="a" type="main">The span of the effective stimulus during a fixation in reading</title>
		<author>
			<persName><forename type="first">G</forename><forename type="middle">W</forename><surname>Mcconkie</surname></persName>
		</author>
		<author>
			<persName><forename type="first">K</forename><surname>Rayner</surname></persName>
		</author>
	</analytic>
	<monogr>
		<title level="j">Perception &amp; Psychophysics</title>
		<imprint>
			<biblScope unit="volume">17</biblScope>
			<biblScope unit="page" from="578" to="586" />
			<date type="published" when="1975">1975</date>
		</imprint>
	</monogr>
</biblStruct>

<biblStruct xml:id="b10">
	<analytic>
		<title level="a" type="main">Coarse blobs or fine edges? Evidence that information diagnosticity changes the perception of complex visual stimuli</title>
		<author>
			<persName><forename type="first">A</forename><surname>Oliva</surname></persName>
		</author>
		<author>
			<persName><forename type="first">P</forename><surname>Schyns</surname></persName>
		</author>
	</analytic>
	<monogr>
		<title level="j">Cognitive Psychology</title>
		<imprint>
			<biblScope unit="volume">34</biblScope>
			<biblScope unit="page" from="72" to="107" />
			<date type="published" when="1997">1997</date>
		</imprint>
	</monogr>
</biblStruct>

<biblStruct xml:id="b11">
	<analytic>
		<title level="a" type="main">Modeling the shape of the scene: A holistic representation of the spatial envelope</title>
		<author>
			<persName><forename type="first">A</forename><surname>Oliva</surname></persName>
		</author>
		<author>
			<persName><forename type="first">A</forename><surname>Torralba</surname></persName>
		</author>
	</analytic>
	<monogr>
		<title level="j">International Journal of Computer Vision</title>
		<imprint>
			<biblScope unit="volume">42</biblScope>
			<biblScope unit="page" from="145" to="175" />
			<date type="published" when="2001">2001</date>
		</imprint>
	</monogr>
</biblStruct>

<biblStruct xml:id="b12">
	<analytic>
		<title level="a" type="main">Building the gist of a scene: The role of global image features in recognition</title>
		<author>
			<persName><forename type="first">A</forename><surname>Oliva</surname></persName>
		</author>
		<author>
			<persName><forename type="first">A</forename><surname>Torralba</surname></persName>
		</author>
	</analytic>
	<monogr>
		<title level="j">Progress in Brain Research: Visual Perception</title>
		<imprint>
			<biblScope unit="volume">155</biblScope>
			<biblScope unit="page" from="23" to="36" />
			<date type="published" when="2006">2006</date>
		</imprint>
	</monogr>
</biblStruct>

<biblStruct xml:id="b13">
	<analytic>
		<title level="a" type="main">Meaning in visual scenes</title>
		<author>
			<persName><forename type="first">M</forename><forename type="middle">C</forename><surname>Potter</surname></persName>
		</author>
	</analytic>
	<monogr>
		<title level="j">Science</title>
		<imprint>
			<biblScope unit="volume">187</biblScope>
			<biblScope unit="page" from="965" to="966" />
			<date type="published" when="1975">1975</date>
		</imprint>
	</monogr>
</biblStruct>

<biblStruct xml:id="b14">
	<analytic>
		<title level="a" type="main">Short-term conceptual memory for pictures</title>
		<author>
			<persName><forename type="first">M</forename><forename type="middle">C</forename><surname>Potter</surname></persName>
		</author>
	</analytic>
	<monogr>
		<title level="j">Journal of Experimental Psychology: Human Learning and Memory</title>
		<imprint>
			<biblScope unit="volume">2</biblScope>
			<biblScope unit="page" from="509" to="522" />
			<date type="published" when="1976">1976</date>
		</imprint>
	</monogr>
</biblStruct>

<biblStruct xml:id="b15">
	<analytic>
		<title level="a" type="main">Principles of categorization</title>
		<author>
			<persName><forename type="first">E</forename><surname>Rosch</surname></persName>
		</author>
	</analytic>
	<monogr>
		<title level="m">Cognition and categorization</title>
		<editor>
			<persName><forename type="first">E</forename><surname>Rosch</surname></persName>
		</editor>
		<editor>
			<persName><forename type="first">B</forename><forename type="middle">B</forename><surname>Lloyd</surname></persName>
		</editor>
		<meeting><address><addrLine>Hillsdale, NJ</addrLine></address></meeting>
		<imprint>
			<publisher>Erlbaum</publisher>
			<date type="published" when="1978">1978</date>
			<biblScope unit="page" from="28" to="48" />
		</imprint>
	</monogr>
</biblStruct>

<biblStruct xml:id="b16">
	<analytic>
		<title level="a" type="main">Basic objects in natural categories</title>
		<author>
			<persName><forename type="first">E</forename><surname>Rosch</surname></persName>
		</author>
		<author>
			<persName><forename type="first">C</forename><forename type="middle">B</forename><surname>Mervis</surname></persName>
		</author>
		<author>
			<persName><forename type="first">W</forename><forename type="middle">D</forename><surname>Gray</surname></persName>
		</author>
		<author>
			<persName><forename type="first">D</forename><forename type="middle">M</forename><surname>Johnson</surname></persName>
		</author>
		<author>
			<persName><forename type="first">P</forename><surname>Boyes-Braem</surname></persName>
		</author>
	</analytic>
	<monogr>
		<title level="j">Cognitive Psychology</title>
		<imprint>
			<biblScope unit="volume">8</biblScope>
			<biblScope unit="page" from="382" to="439" />
			<date type="published" when="1976">1976</date>
		</imprint>
	</monogr>
</biblStruct>

<biblStruct xml:id="b17">
	<analytic>
		<title level="a" type="main">Effects of spatial frequency bands on perceptual decision: It is not the stimuli but the comparison</title>
		<author>
			<persName><forename type="first">P</forename><surname>Rotshtein</surname></persName>
		</author>
		<author>
			<persName><forename type="first">A</forename><surname>Schofield</surname></persName>
		</author>
		<author>
			<persName><forename type="first">M</forename><forename type="middle">J</forename><surname>Funes</surname></persName>
		</author>
		<author>
			<persName><forename type="first">G</forename><forename type="middle">W</forename><surname>Humphreys</surname></persName>
		</author>
		<ptr target="http://www.journalofvision.org/content/10/10/25.full" />
	</analytic>
	<monogr>
		<title level="j">Journal of Vision</title>
		<imprint>
			<biblScope unit="volume">10</biblScope>
			<biblScope unit="issue">10</biblScope>
			<date type="published" when="2010">2010</date>
		</imprint>
	</monogr>
</biblStruct>

<biblStruct xml:id="b18">
	<analytic>
		<title level="a" type="main">How long to get to the &quot;gist&quot; of real-world natural scenes?</title>
		<author>
			<persName><forename type="first">G</forename><forename type="middle">A</forename><surname>Rousselet</surname></persName>
		</author>
		<author>
			<persName><forename type="first">O</forename><forename type="middle">R</forename><surname>Joubert</surname></persName>
		</author>
		<author>
			<persName><forename type="first">M</forename><surname>Fabre-Thorpe</surname></persName>
		</author>
	</analytic>
	<monogr>
		<title level="j">Visual Cognition</title>
		<imprint>
			<biblScope unit="volume">12</biblScope>
			<biblScope unit="page" from="852" to="877" />
			<date type="published" when="2005">2005</date>
		</imprint>
	</monogr>
</biblStruct>

<biblStruct xml:id="b19">
	<analytic>
		<title level="a" type="main">Diagnostic recognition: Task constraints, object information, and their interactions</title>
		<author>
			<persName><forename type="first">P</forename><forename type="middle">G</forename><surname>Schyns</surname></persName>
		</author>
	</analytic>
	<monogr>
		<title level="j">Cognition</title>
		<imprint>
			<biblScope unit="volume">67</biblScope>
			<biblScope unit="page" from="147" to="179" />
			<date type="published" when="1998">1998</date>
		</imprint>
	</monogr>
</biblStruct>

<biblStruct xml:id="b20">
	<analytic>
		<title level="a" type="main">From blobs to boundary edges: Evidence for time-and spatial-scale-dependent scene recognition</title>
		<author>
			<persName><forename type="first">P</forename><forename type="middle">G</forename><surname>Schyns</surname></persName>
		</author>
		<author>
			<persName><forename type="first">A</forename><surname>Oliva</surname></persName>
		</author>
	</analytic>
	<monogr>
		<title level="j">Psychological Science</title>
		<imprint>
			<biblScope unit="volume">5</biblScope>
			<biblScope unit="page" from="195" to="200" />
			<date type="published" when="1994">1994</date>
		</imprint>
	</monogr>
</biblStruct>

<biblStruct xml:id="b21">
	<analytic>
		<title level="a" type="main">A feedforward architecture accounts for rapid categorization</title>
		<author>
			<persName><forename type="first">T</forename><surname>Serre</surname></persName>
		</author>
		<author>
			<persName><forename type="first">A</forename><surname>Oliva</surname></persName>
		</author>
		<author>
			<persName><forename type="first">T</forename><surname>Poggio</surname></persName>
		</author>
	</analytic>
	<monogr>
		<title level="j">Proceedings of the National Academy of Sciences</title>
		<imprint>
			<biblScope unit="volume">104</biblScope>
			<biblScope unit="page" from="6424" to="6429" />
			<date type="published" when="2007">2007</date>
			<pubPlace>USA</pubPlace>
		</imprint>
	</monogr>
</biblStruct>

<biblStruct xml:id="b22">
	<analytic>
		<title level="a" type="main">Speed of processing in the human visual system</title>
		<author>
			<persName><forename type="first">S</forename><forename type="middle">J</forename><surname>Thorpe</surname></persName>
		</author>
		<author>
			<persName><forename type="first">D</forename><surname>Fize</surname></persName>
		</author>
		<author>
			<persName><forename type="first">C</forename><surname>Marlot</surname></persName>
		</author>
	</analytic>
	<monogr>
		<title level="j">Nature</title>
		<imprint>
			<biblScope unit="volume">381</biblScope>
			<biblScope unit="page" from="520" to="522" />
			<date type="published" when="1996">1996</date>
		</imprint>
	</monogr>
</biblStruct>

<biblStruct xml:id="b23">
	<analytic>
		<title level="a" type="main">Statistics of natural image categories</title>
		<author>
			<persName><forename type="first">A</forename><surname>Torralba</surname></persName>
		</author>
		<author>
			<persName><forename type="first">A</forename><surname>Oliva</surname></persName>
		</author>
	</analytic>
	<monogr>
		<title level="j">Network: Computation in Neural Systems</title>
		<imprint>
			<biblScope unit="volume">14</biblScope>
			<biblScope unit="page" from="391" to="412" />
			<date type="published" when="2003">2003</date>
		</imprint>
	</monogr>
</biblStruct>

<biblStruct xml:id="b24">
	<analytic>
		<title level="a" type="main">Categories of environmental scenes</title>
		<author>
			<persName><forename type="first">B</forename><surname>Tversky</surname></persName>
		</author>
		<author>
			<persName><forename type="first">K</forename><surname>Hemenway</surname></persName>
		</author>
	</analytic>
	<monogr>
		<title level="j">Cognitive Psychology</title>
		<imprint>
			<biblScope unit="volume">15</biblScope>
			<biblScope unit="page" from="121" to="149" />
			<date type="published" when="1983">1983</date>
		</imprint>
	</monogr>
</biblStruct>

<biblStruct xml:id="b25">
	<analytic>
		<title level="a" type="main">Surfing a spike wave down the ventral stream</title>
		<author>
			<persName><forename type="first">R</forename><surname>Vanrullen</surname></persName>
		</author>
		<author>
			<persName><forename type="first">S</forename><forename type="middle">J</forename><surname>Thorpe</surname></persName>
		</author>
	</analytic>
	<monogr>
		<title level="j">Vision Research</title>
		<imprint>
			<biblScope unit="volume">42</biblScope>
			<biblScope unit="page" from="2593" to="2615" />
			<date type="published" when="2002">2002</date>
		</imprint>
	</monogr>
</biblStruct>

				</listBibl>
			</div>
		</back>
	</text>
</TEI>
