<?xml version="1.0" encoding="UTF-8"?>
<TEI xml:space="preserve" xmlns="http://www.tei-c.org/ns/1.0" 
xmlns:xsi="http://www.w3.org/2001/XMLSchema-instance" 
xsi:schemaLocation="http://www.tei-c.org/ns/1.0 https://raw.githubusercontent.com/kermitt2/grobid/master/grobid-home/schemas/xsd/Grobid.xsd"
 xmlns:xlink="http://www.w3.org/1999/xlink">
	<teiHeader xml:lang="en">
		<fileDesc>
			<titleStmt>
				<title level="a" type="main">Continuous Theta-Burst Stimulation Demonstrates a Causal Role of Premotor Homunculus in Action Understanding</title>
				<funder>
					<orgName type="full">European Research Council</orgName>
				</funder>
				<funder ref="#_2CXMCHq">
					<orgName type="full">European Cooperation in Science and Technology Short-Term Scientific Mission</orgName>
				</funder>
			</titleStmt>
			<publicationStmt>
				<publisher/>
				<availability status="unknown"><licence/></availability>
			</publicationStmt>
			<sourceDesc>
				<biblStruct>
					<analytic>
						<author role="corresp">
							<persName><forename type="first">John</forename><surname>Michael</surname></persName>
							<email>johnmichaelaarhus@gmail.com</email>
							<affiliation key="aff1">
								<orgName type="department">Center for Subjectivity Research</orgName>
								<orgName type="institution">Copenhagen University</orgName>
							</affiliation>
							<affiliation key="aff2">
								<orgName type="department">Interacting Minds Centre</orgName>
								<orgName type="institution">Aarhus University</orgName>
							</affiliation>
						</author>
						<author>
							<persName><forename type="first">Kristian</forename><surname>Sandberg</surname></persName>
							<affiliation key="aff3">
								<orgName type="laboratory">Cognitive Neuroscience Research Unit</orgName>
								<orgName type="institution" key="instit1">Hammel Neurorehabilitation and Research Centre</orgName>
								<orgName type="institution" key="instit2">Aarhus University</orgName>
							</affiliation>
							<affiliation key="aff4">
								<orgName type="department">Institute of Cognitive Neuroscience</orgName>
								<orgName type="institution">University College London</orgName>
							</affiliation>
						</author>
						<author>
							<persName><forename type="first">Joshua</forename><surname>Skewes</surname></persName>
							<affiliation key="aff2">
								<orgName type="department">Interacting Minds Centre</orgName>
								<orgName type="institution">Aarhus University</orgName>
							</affiliation>
						</author>
						<author>
							<persName><forename type="first">Thomas</forename><surname>Wolf</surname></persName>
							<affiliation key="aff5">
								<orgName type="department">Program in Cognitive Science</orgName>
								<orgName type="institution">University of Vienna</orgName>
							</affiliation>
						</author>
						<author>
							<persName><forename type="first">Jakob</forename><surname>Blicher</surname></persName>
							<affiliation key="aff3">
								<orgName type="laboratory">Cognitive Neuroscience Research Unit</orgName>
								<orgName type="institution" key="instit1">Hammel Neurorehabilitation and Research Centre</orgName>
								<orgName type="institution" key="instit2">Aarhus University</orgName>
							</affiliation>
							<affiliation key="aff6">
								<orgName type="department" key="dep1">Cognitive Neuroscience Research Unit</orgName>
								<orgName type="department" key="dep2">Center of Functionally Integrative Neuroscience/MindLab</orgName>
								<orgName type="institution">Aarhus University</orgName>
							</affiliation>
						</author>
						<author>
							<persName><forename type="first">Morten</forename><surname>Overgaard</surname></persName>
							<affiliation key="aff6">
								<orgName type="department" key="dep1">Cognitive Neuroscience Research Unit</orgName>
								<orgName type="department" key="dep2">Center of Functionally Integrative Neuroscience/MindLab</orgName>
								<orgName type="institution">Aarhus University</orgName>
							</affiliation>
							<affiliation key="aff7">
								<orgName type="department" key="dep1">Centre for Cognitive Neuroscience</orgName>
								<orgName type="department" key="dep2">Department of Communication and Psychology</orgName>
								<orgName type="institution">Aalborg University</orgName>
							</affiliation>
						</author>
						<author>
							<persName><forename type="first">Chris</forename><forename type="middle">D</forename><surname>Frith</surname></persName>
							<affiliation key="aff8">
								<orgName type="institution">Wellcome Trust Centre for Neuroimaging</orgName>
								<address>
									<settlement>London</settlement>
									<country key="GB">England</country>
								</address>
							</affiliation>
						</author>
						<author>
							<affiliation key="aff0">
								<orgName type="department">Center for Subjectivity Research</orgName>
								<orgName type="institution">Copenhagen University</orgName>
								<address>
									<addrLine>Njalsgade 140-2</addrLine>
									<postCode>2300</postCode>
									<settlement>Copenhagen</settlement>
									<country key="DK">Denmark</country>
								</address>
							</affiliation>
						</author>
						<title level="a" type="main">Continuous Theta-Burst Stimulation Demonstrates a Causal Role of Premotor Homunculus in Action Understanding</title>
					</analytic>
					<monogr>
						<imprint>
							<date/>
						</imprint>
					</monogr>
					<idno type="MD5">29A2C59ECCF7261208F26AC619C37EE7</idno>
					<idno type="DOI">10.1177/0956797613520608</idno>
					<note type="submission">Received 8/16/13; Revision accepted 12/22/13</note>
				</biblStruct>
			</sourceDesc>
		</fileDesc>
		<encodingDesc>
			<appInfo>
				<application version="0.8.1" ident="GROBID" when="2025-01-25T12:56+0000">
					<desc>GROBID - A machine learning software for extracting information from scholarly documents</desc>
					<ref target="https://github.com/kermitt2/grobid"/>
				</application>
			</appInfo>
		</encodingDesc>
		<profileDesc>
			<textClass>
				<keywords>
					<term>mirror-neuron system</term>
					<term>action understanding</term>
					<term>theta-burst stimulation</term>
					<term>social cognition</term>
					<term>theory of mind</term>
					<term>social interaction</term>
					<term>social perception</term>
				</keywords>
			</textClass>
			<abstract>
<div xmlns="http://www.tei-c.org/ns/1.0"><p>agent performing the same or a similar action (di</p></div>
			</abstract>
		</profileDesc>
	</teiHeader>
	<text xml:lang="en">
		<body>
<div xmlns="http://www.tei-c.org/ns/1.0"><p>overlapping mechanisms <ref type="bibr" target="#b10">(Gallese, Keysers, &amp; Rizzolatti, 2004;</ref><ref type="bibr" target="#b11">Gazzola &amp; Keysers, 2009;</ref><ref type="bibr" target="#b20">Iacoboni et al., 2005;</ref><ref type="bibr" target="#b23">Kilner, Neal, Weiskopf, Friston, &amp; Frith, 2009;</ref><ref type="bibr" target="#b30">Pobric &amp; Hamilton, 2006;</ref><ref type="bibr" target="#b40">Vogt et al., 2007)</ref>. However, because most of the research in this area has relied on correlational methods, these claims have remained controversial, with competing models offering conflicting accounts of the function of MNS activation.</p><p>According to the direct-matching model, activation of the PMC during action observation constitutes a covert simulation of the observed action, which enables the observer to match it with an action in his or her own repertoire of intentional actions and thereby to identify the goal of the action <ref type="bibr" target="#b10">(Gallese et al., 2004)</ref>. The directmatching model therefore holds that somatotopically organized regions of PMC play a causal role in understanding observed actions. The predictive-coding model <ref type="bibr" target="#b22">(Kilner, Friston, &amp; Frith, 2007)</ref> is based on the conception of a hierarchy of reciprocally connected models. Each model generates predictions about the representations at the immediately subordinate level. These predictions are compared with the actual state of the subordinate-level model, and a prediction error is returned to the superordinate-level model, which is revised and then generates a new prediction. By this process, the interconnected models are continuously updated and prediction errors minimized. Thus, according to the predictive-coding model, premotor activation and higher-level representations reciprocally modulate each other. Like the directmatching model, then, the predictive-coding model holds that somatotopically organized regions of PMC play a causal role in action understanding, with the mechanisms for action understanding overlapping with those for the production of actions.</p><p>In contrast, two deflationary models deny that premotor activation plays a causal role in action understanding.</p><p>According to what can be called the priming model, putative mirroring properties may in fact support sensory-motor associations, in which case premotor activation during action observation might reflect a priming effect rather than a contribution to action understanding <ref type="bibr" target="#b17">(Hickok, 2009)</ref>. According to what can be called the inverse-modeling model, the function of premotor activation during action observation is to calculate motor commands appropriate to the realization of a goal and thus to predict the upcoming movements, given that the goal has already been identified by other means <ref type="bibr" target="#b6">(Csibra, 2008)</ref>. In other words, premotor activation, according to this model, is a result rather than a cause or component of action understanding.</p><p>In the experiment reported here, we used continuous theta-burst stimulation (cTBS), an off-line protocol for transcranial magnetic stimulation (TMS), to investigate whether PMC plays a causal role in action understanding and thus to adjudicate between models that affirm this (e.g., direct matching and predictive coding) and models that deny it (e.g., priming and inverse modeling). It has been documented that the application of cTBS over motor areas diminishes the excitability of cortical tissue for approximately 20 min <ref type="bibr" target="#b18">(Huang, Edwards, Rounis, Bhatia, &amp; Rothwell, 2005;</ref><ref type="bibr" target="#b19">Huang et al., 2009)</ref>. We therefore administered cTBS over participants' premotor hand and lip areas, in separate sessions, and then measured their performance on a series of tasks designed to probe the mechanisms underlying action understanding. We reasoned that if premotor hand and lip areas play a causal role in action understanding, then the application of cTBS over the premotor hand area should specifically impair participants' ability to process observed hand actions, and the application of cTBS over the premotor lip area should specifically impair their ability to process observed mouth actions.</p><p>Because identifying the goals of bodily movements is a complex process that likely involves multiple components, we agree with <ref type="bibr">Cook, Bird, Catmur, Press, and Heyes (in press</ref>) that research on the contribution of the MNS to action understanding must attempt to isolate and operationalize distinct components of action understanding. Drawing on a tripartite hierarchical distinction developed by <ref type="bibr" target="#b15">Hamilton and Grafton (2007)</ref>, we therefore designed three separate tasks of varying complexity in order to probe different components of action understanding. The simplest task required participants to identify still frames from brief videos of pantomimed actions. This task thus probed a perceptual aspect of action understanding, namely the ability to process kinematic features of observed actions. An intermediate task required them to select which of three objects complemented a brief video of a pantomimed action, thus probing their ability to identify the proximal goal of an observed movement. The most complex task required them to select which of three objects complemented a brief video of a pantomimed action in a context-sensitive manner, thus probing their ability to identify the distal goal of an observed movement (see Fig. <ref type="figure">1</ref> and<ref type="figure">Table 1</ref>). Whereas the simple task did not require participants to identify the goal of the observed action, it is an open question whether the processing of low-level kinematic features of actions plays a role in the identification of goals. The intermediate and complex tasks pertain directly to action understanding insofar as they required participants not just to process perceptual features of bodily movements but also to identify the goals, or underlying intentions, of those movements.</p></div>
<div xmlns="http://www.tei-c.org/ns/1.0"><head>Method</head></div>
<div xmlns="http://www.tei-c.org/ns/1.0"><head>Participants</head><p>Twenty right-handed individuals (8 females, 12 males; mean age = 23.5 years, range = 18-40) took part in the experiment. All were naive to the experiment's purpose and gave their informed written consent. They had no history of epilepsy and were not taking any medication at the time of the test. One further participant, a 20-yearold male, experienced a vasovagal episode (unrelated to the stimulation) during the localization procedure prior to the cTBS and therefore discontinued his participation.</p></div>
<div xmlns="http://www.tei-c.org/ns/1.0"><head>Procedure</head><p>Each participant took part in a preliminary session in which a T1 structural scan was performed, and then in two experimental sessions, each of which was preceded by a TMS session (see Fig. <ref type="figure" target="#fig_2">2</ref>). Each TMS session consisted of a localization procedure followed by the administering of cTBS. In one session, cTBS was applied over the hand area in left PMC, whereas in the other session, it was applied over the lip area in left PMC. The order of the sessions was counterbalanced. After completing their second experimental session, participants were debriefed. The ethics committee for the region of Midtjylland, Denmark, approved the experiment. Example trial sequence for each complexity level. On each trial, an image depicting the context for a subsequent video was displayed for 1,000 ms, followed by a black fixation cross, then the video of a pantomimed action. Participants next saw a response screen, on which three static images were displayed for 4 s or until a response was given. In the simple block, participants chose which one of the three images was a still frame from the action video they had just seen. In the intermediate block, participants were asked to choose the object that best complemented the action pantomimed. The complex block differed from the intermediate block only in that two of the objects on the response screen complemented the action video but only one complemented the context, thus making it necessary for participants to draw on contextual information as well as to observe the pantomimed action in order to choose the correct object. In all three examples depicted here, the correct response was the image on the left.</p><p>Participants first completed a practice block of 50 trials, which were not repeated in the experiment. Then they completed three separate test blocks, which corresponded to three levels of complexity (see Fig. <ref type="figure">1</ref>) and which were presented in counterbalanced order. In each block, participants completed 80 trials (depicting 40 hand actions and 40 mouth actions), the order of which was randomized. Participants were instructed to complete each trial as quickly and accurately as possible.</p><p>In all blocks, each trial began with a 500-ms black fixation cross. Then an image depicting a context for the video they were about to see was displayed for 1,000 ms. The context image was followed by a second fixation cross (250 ms), then a video of a pantomimed action (500 ms). Participants next saw a response screen on which three static images were displayed from left to right across the middle of the screen for 4 s or until a response was given. The task differed slightly across the three blocks. In the simple block, the three images were of a hand or mouth, and participants were told to "choose the image that depicts the same action as the video you just saw." In the intermediate block, participants saw different objects and were asked to "choose the object that fits best with the action and the setting you just saw." The complex block differed from the intermediate block only in that two of the objects on the response screen fit the action video, but only one fit the context, thus making it necessary for participants to draw on contextual information as well as observe the pantomimed action in order to choose the correct object. For all three blocks, the response was given by pressing the 1, 2, or 3 key with the first three fingers of the left hand.</p></div>
<div xmlns="http://www.tei-c.org/ns/1.0"><head>Stimuli</head><p>The stimuli were brief videos of pantomimed mouth actions (e.g., licking, sucking, blowing) and hand actions (e.g., writing, cutting, grasping). We used 20 different mouth-action videos and 20 different hand-action videos (see Table <ref type="table" target="#tab_0">1</ref> for examples), each being repeated six times per experimental session (twice per block). There were 60 context images, each of which was repeated four times per experimental session. There were 120 images used as response options, each of which was repeated six times. The stimuli were presented using E-Prime software <ref type="bibr" target="#b36">(Schneider, Eschman, &amp; Zuccolotto, 2001)</ref> and were displayed on a 13-in. LCD monitor (refresh rate: 60 Hz, resolution: 1,280 × 800 pixels).</p></div>
<div xmlns="http://www.tei-c.org/ns/1.0"><head>Data acquisition</head><p>A T1-weighted magnetic resonance imaging volume was acquired for each subject with a GE Signa Excite HDx 3.0-T spectrometer using a 3-D inversion-recovery prepared fast Note: On all trials, participants saw an image that provided context for a subsequent video, followed by the video itself; the video depicted either a hand or a mouth action. Participants were then shown three new images, from which they had to choose the one that best complemented the video. The correct response is shown here in boldface. For the intermediate trials, only one of the response options fit the action video, thus rendering the context image superfluous. For the complex trials, a second response option (shown here in italics) fit the action video but not the context, whereas the third response option fit the context but not the action, thus making it necessary to integrate the context image and the action video in order to choose correctly. The scans were used in conjunction with a Nexstim (Helsinki, Finland) navigator device and NBS 3.2 software during the localization procedure and during the cTBS in order to record the site and orientation of the coil as each pulse was administered, as well as the intensity of each pulse and the elicited motor-evoked potential (MEP). A Magstim X100 stimulator (MagVenture, Farum, Denmark) was used with an MCF-B65 figure-of-eight coil (MagVenture) to generate the cTBS; 300 pulses were administered in 100 bursts of 3 pulses each over a 20-s period. The frequency within each burst was 50 Hz, and the bursts were repeated with a frequency of 5 Hz. Stimulation during cTBS was given at 70% of the resting motor threshold (RMT), based on previous studies reporting that 70% of the RMT is equivalent to 80% of the active motor threshold <ref type="bibr" target="#b4">(Chen et al., 1998;</ref><ref type="bibr" target="#b13">Gentner, Wankerl, Reinsberger, Zeller, &amp; Classen, 2008)</ref>.</p><p>It has been shown that cTBS over motor areas inhibits subsequent MEPs only if preceded by a period of slight voluntary contraction lasting at least 1.5 min and that it otherwise facilitates MEPs <ref type="bibr" target="#b13">(Gentner et al., 2008;</ref><ref type="bibr" target="#b19">Huang et al., 2009)</ref>. For this reason, participants were asked immediately prior to the administering of cTBS in this experiment to clench their fist while relaxing their lip, and then to relax their fist while squeezing their lips together, in alternation, for 5 min.</p></div>
<div xmlns="http://www.tei-c.org/ns/1.0"><head>Localization</head><p>For the localization procedure, the hand area in left primary motor cortex (M1) was first approximated by sight with the help of the navigation system. Then, slightly suprathreshold pulses were administered over 10 nearby sites, and the optimal site was defined as the location where stimulation elicited largest MEPs in the first dorsal interosseous muscle of the right hand. The RMT was determined as the lowest intensity at which MEPs above 50 µV were recorded on 5 of 10 trials. For the hand area, the mean threshold intensity was 42% of maximum stimulator output. The procedure was repeated for the lip area, with MEPs being recorded on the orbicularis oris, starting from a site 3 cm lateral and 1.5 cm anterior to the hand site. The mean RMT for the lip area was 56%. The premotor sites were then determined by moving 3 cm anterior from the corresponding spots in M1 and then to the nearest spot on the precentral gyrus with the help of the navigation system.</p><p>Whereas prior TMS studies have localized the hand area in left PMC using the same method as that employed here <ref type="bibr" target="#b24">(Kroeger et al., 2010;</ref><ref type="bibr" target="#b28">Münchau, Bloem, Irlbacher, Trimble, &amp; Rothwell, 2002)</ref>, there is no precedent for the use of the same localization procedure for the premotor lip area. However, the extension of this procedure to the lip area derives support from several sources. First, studies with nonhuman primates suggest a somatotopic organization of PMC that parallels that in M1, with higher concentrations of neurons encoding features of leg and foot movements in more dorsal areas than hand representations and lip representations in more ventral areas <ref type="bibr" target="#b12">(Gentilucci et al., 1988;</ref><ref type="bibr" target="#b14">Godschalk, Mitz, van Duin, &amp; van der Burg, 1995;</ref><ref type="bibr" target="#b32">Rizzolatti et al., 1988)</ref>. Second, imaging studies in humans have corroborated this pattern <ref type="bibr" target="#b1">(Buccino et al., 2001;</ref><ref type="bibr" target="#b16">Hauk, Johnsrude, &amp; Pulvermüller, 2004</ref>; for a meta-analysis, see <ref type="bibr" target="#b37">Schubotz &amp; von Cramon, 2003)</ref>. Third, lesion studies have confirmed that patients with lesions in more dorsal areas of PMC have greater difficulties performing hand actions, whereas patients with more ventral lesions have greater difficulties performing mouth actions <ref type="bibr" target="#b0">(Basso, Capitani, Della Sala, Laiacona, &amp; Spinnler, 1987;</ref><ref type="bibr">Marquart &amp; Sussman, 1984;</ref><ref type="bibr" target="#b29">Pazzaglia, Smania, Corato, &amp; Aglioti, 2008)</ref>. Thus, although it is not likely that the regions of PMC that we localized are uniquely specialized for hand and mouth actions, respectively, there are independent reasons to accept that the area we defined as the premotor lip area contains neural populations that specialize in the production of mouth actions and that the area we defined as the premotor hand area contains neural populations that specialize in hand-action production.</p><p>Because the lip area served as an optimal control site with respect to the effects of cTBS over the hand area on hand-action understanding, and the hand area in turn served as a control site with respect to the effects of cTBS over the lip area on mouth-action understanding, it was not necessary to include an additional control site or a sham TMS condition.</p></div>
<div xmlns="http://www.tei-c.org/ns/1.0"><head>Results</head><p>For hit rates (see Fig. <ref type="figure" target="#fig_3">3</ref>), a 3 (complexity level: simple, intermediate, complex) × 2 (TMS site: hand, lip) × 2 (video type: hand action, mouth action) analysis of variance (ANOVA) revealed a main effect of complexity level, F(2, 38) = 16.58, p &lt; .001, η p 2 = .47; as complexity level increased, hit rates decreased. A main effect of video type also occurred, F(1, 19) = 33.56, p &lt; .001, η p 2 = .64; specifically, hit rates were lower for mouth actions than for hand actions. There was also a significant interaction between complexity level and video type, F(2, 38) = 36.79, p &lt; .001, η p 2 = .67, with hit rates for mouth actions being more dramatically reduced by increasing complexity than those for hand actions. More important, there was a significant interaction between TMS site and video type, F(1, 19) = 6.98, p = .016, η p 2 = .27. This interaction constituted a double dissociation: cTBS over the hand area specifically impaired participants' ability to accurately interpret pantomimed hand actions, whereas cTBS over the lip area specifically impaired their ability to accurately interpret mouth actions. No other main effects or interactions reached significance.</p><p>For response time (RT), a 3 (complexity level) × 2 (TMS site) × 2 (video type) ANOVA revealed a main effect of complexity level, F(2, 38) = 20.82, p &lt; .001, η p 2 = .52, and a significant interaction between complexity level and video type, F(2, 38) = 51.86, p &lt; .001, η p 2 = .73. There was no two-way interaction between TMS site and video type. No other main effects or interactions reached significance.</p></div>
<div xmlns="http://www.tei-c.org/ns/1.0"><head>Discussion</head><p>The two-way interaction between TMS site (hand vs. lip) and video type (hand action vs. mouth action) for hit rate provides evidence that the premotor hand area plays a causal role in understanding observed hand actions and that the premotor lip area plays a causal role in understanding observed mouth actions. The absence of an interaction of TMS site and video type for RT confirms that the main results (hit rate) were not caused by a trade-off in which participants achieved faster RTs by sacrificing accuracy.</p><p>Our results corroborate and extend the findings from several previous studies employing causal methodologies, such as those involving patients with apraxia owing to lesions in PMC and those using TMS to produce virtual lesions. With regard to the former, <ref type="bibr" target="#b29">Pazzaglia et al. (2008)</ref> reported that patients with premotor and parietal lesions who were impaired in their ability to perform hand actions were also impaired in their ability to identify sounds typically caused by hand actions, and patients with lesions to premotor areas who were impaired in their ability to move their lips (buccofacial apraxia) were also impaired in their ability to identify sounds typically caused by mouth actions. This is consistent with the findings of <ref type="bibr" target="#b35">Saygin, Wilson, Dronkers, and Bates (2004)</ref>, who reported that aphasic patients with lesions in left PMC were impaired at a task requiring them to match pictures or names of actions to pictures of the objects used in the actions. Additionally, <ref type="bibr" target="#b26">Moro et al. (2008)</ref> reported that patients with lesions in left PMC were specifically impaired at discrimination of bodily actions but not at discrimination of bodily However, it must be noted that some other lesion studies have yielded contrasting results. For example, <ref type="bibr" target="#b2">Buxbaum, Kyle, and Menon (2005)</ref> reported that apraxic patients with parietal lesions were impaired at gesture recognition, whereas apraxic patients with frontal lesions were not. Even more dramatically, <ref type="bibr" target="#b31">Rapcsak, Ochipa, Anderson, and Poizner (1995)</ref> conducted a study of G. W., an apraxic patient with bilateral damage to the posterior-superior parietal lobes, who exhibited difficulties in producing pantomimes and in using actual objects but was flawless at recognizing pantomimed actions involving objects.</p><p>Because apraxic patients may develop compensatory means of recognizing actions, it is not possible to infer from the negative findings in these latter studies that the mechanisms underlying action performance and action understanding overlap in normal, healthy individuals. It is therefore also important to consider the results of TMS studies. For example, <ref type="bibr" target="#b30">Pobric and Hamilton (2006)</ref> demonstrated that virtual lesions created by on-line repetitive TMS (rTMS) over left inferior frontal gyrus (IFG) impaired participants' ability to estimate the weight of a box lifted by a person but not the weight of a bouncing ball. Also using rTMS to create virtual lesions in left IFG, <ref type="bibr" target="#b38">Tidoni, Borgomaneri, di Pellegrino, and Avenanti (2013)</ref> found that participants were impaired in identifying videos of actions in which the actor was attempting to deceive them about the weight of an object, and <ref type="bibr" target="#b39">Urgesi, Candidi, Ionta, and Aglioti (2006)</ref> reported that rTMS over left ventral PMC specifically impaired visual discrimination of actions but not visual discrimination of bodily identity. Additionally, using a novel TMS-adaptation paradigm, Cattaneo, Sandrini, and Schwarzbach (2010) found evidence that some neural populations in left ventral PMC encode the goals of perceived actions irrespective of the effector used.</p><p>The present experiment also builds on these results in three respects. First, the use of off-line TMS complements earlier studies that used on-line TMS. It must be noted that TMS over frontal areas may induce contraction of facial muscles. Thus, there is a risk of participants being distracted during on-line TMS protocols. Although the aforementioned studies did incorporate matched control tasks or control stimulation sites to minimize the impact of muscular contraction, the present experiment further strengthens their results insofar as it firmly rules out this potential methodological problem.</p><p>Second, the present experiment provides evidence that premotor regions contributing to action understanding and action production have a similar somatotopic organization and, thus, that the mechanisms for action understanding and action production overlap. However, it is important to acknowledge that the neural populations in PMC are not likely to be neatly segregated according to the effector that they encode. Indeed, there is evidence of neural populations involved in hand actions in more ventral regions of PMC <ref type="bibr" target="#b21">( Jastorff, Begliomini, Fabbri-Destro, Rizzolatti, &amp; Orban, 2010;</ref><ref type="bibr" target="#b30">Pobric &amp; Hamilton, 2006;</ref><ref type="bibr" target="#b39">Urgesi et al., 2006)</ref>. Moreover, as noted earlier, <ref type="bibr" target="#b3">Cattaneo et al. (2010)</ref> found neural populations in PMC that encode actions in a manner that is not specific to the effector used. Nevertheless, our results strongly suggest that there are also neural populations in left PMC that specialize in encoding observed actions performed by particular effectors.</p><p>Third, because the tasks employed here were specifically designed to probe three distinct aspects of action understanding, the results help to adjudicate among competing models of action understanding. Specifically, the results conflict with the inverse-modeling and priming models, which hold that activation of PMC during action observation is subsequent to-and does not play a causal role in-action understanding. Both the directmatching model and the predictive-coding model, in contrast, predict this pattern of findings and therefore gain support from our results.</p><p>Given the absence of any three-way interaction of TMS site, video type, and complexity level (simple, intermediate, complex), our results do not permit any inferences about the hierarchical level at which premotor regions contribute to action understanding (i.e., whether these areas specifically encode low-level kinematics, proximal goals, or distal goals). One possibility is that the areas we targeted encode low-level kinematic information about observed movements and that this kinematic information is relevant for tasks of varying complexity. A follow-up experiment may address this issue by investigating the impact of cTBS on a task in which contextual information is even more crucial than in the complex block of our experiment (e.g., for atypical actions). One might speculate that as contextual information becomes more important and low-level kinematic information less important, the contribution of PMC might decrease and, thus, the impact of cTBS over PMC might diminish.</p><p>In sum, our results provide evidence that somatotopically organized regions of PMC contribute causally to action understanding and, thus, that the mechanisms underpinning action understanding overlap with those underpinning action performance. However, these findings do not uniquely support any particular hypothesis about the specific mechanisms by which the neural populations in PMC contribute to action understanding, that is, whether direct matching, predictive coding, somatotopical organization of working memory for observed actions, or some other model best describes the functional mechanism that these neural populations instantiate.</p></div><figure xmlns="http://www.tei-c.org/ns/1.0" xml:id="fig_0"><head>Fig</head><label></label><figDesc>Fig.1. Example trial sequence for each complexity level. On each trial, an image depicting the context for a subsequent video was displayed for 1,000 ms, followed by a black fixation cross, then the video of a pantomimed action. Participants next saw a response screen, on which three static images were displayed for 4 s or until a response was given. In the simple block, participants chose which one of the three images was a still frame from the action video they had just seen. In the intermediate block, participants were asked to choose the object that best complemented the action pantomimed. The complex block differed from the intermediate block only in that two of the objects on the response screen complemented the action video but only one complemented the context, thus making it necessary for participants to draw on contextual information as well as to observe the pantomimed action in order to choose the correct object. In all three examples depicted here, the correct response was the image on the left.</figDesc><graphic coords="3,49.50,67.89,504.96,385.20" type="bitmap" /></figure>
<figure xmlns="http://www.tei-c.org/ns/1.0" xml:id="fig_1"><head></head><label></label><figDesc>spoiled-gradient-recalled sequence (echo time = 3.0 ms, inversion time = 450 ms, flip angle = 20°, slices = 156, slice thickness = 1.1 mm, in-plane resolution = 0.94 mm).</figDesc></figure>
<figure xmlns="http://www.tei-c.org/ns/1.0" xml:id="fig_2"><head>Fig. 2 .</head><label>2</label><figDesc>Fig. 2. Stimulation sites for 1 participant. The crosshairs in (a) and (b) mark the hand area and lip area, respectively, in premotor cortex (PMC) that were stimulated in this participant. The images were used to create a 3-D brain model, depicted in the bottom row, to be utilized in conjunction with the navigation system. In (c), the hand area is at the crosshair, and in (d), the lip area is at the crosshair. The marker illustrates the position and orientation of the coil during cTBS. L = left, R = right.</figDesc><graphic coords="5,120.06,69.00,360.00,362.64" type="bitmap" /></figure>
<figure xmlns="http://www.tei-c.org/ns/1.0" xml:id="fig_3"><head>Fig. 3 .</head><label>3</label><figDesc>Fig. 3. Mean hit rate as a function of the action depicted in the video and the area of premotor cortex over which participants received transcranial magnetic stimulation (TMS). Results are shown separately for each complexity level. Error bars represent standard deviations.</figDesc></figure>
<figure xmlns="http://www.tei-c.org/ns/1.0" type="table" xml:id="tab_0"><head>Table 1 .</head><label>1</label><figDesc>Example Stimuli for Hand-and Mouth-Action Trials in the Intermediate and Complex Blocks</figDesc><table><row><cell>Action video and</cell><cell></cell><cell></cell></row><row><cell>block</cell><cell>Context image</cell><cell>Response options</cell></row><row><cell></cell><cell cols="2">Hand action</cell></row><row><cell>Turning</cell><cell></cell><cell></cell></row><row><cell>Intermediate</cell><cell>House entrance</cell><cell>Newspaper, key, envelope,</cell></row><row><cell>Complex</cell><cell>Workbench</cell><cell>Key, hammer, screwdriver</cell></row><row><cell>Pouring</cell><cell></cell><cell></cell></row><row><cell>Intermediate</cell><cell>Tea party</cell><cell>Teapot, sugar bowl, spoon</cell></row><row><cell>Complex</cell><cell>Plants in garden</cell><cell>Watering can, hedge clippers, teapot</cell></row><row><cell></cell><cell cols="2">Mouth action</cell></row><row><cell>Licking</cell><cell></cell><cell></cell></row><row><cell>Intermediate</cell><cell>Beach</cell><cell>Ice cream cone, soda can, burger</cell></row><row><cell>Complex</cell><cell>Desk with papers</cell><cell>Ice cream cone, eraser, stamp</cell></row><row><cell>Blowing</cell><cell></cell><cell></cell></row><row><cell>Intermediate</cell><cell>Birthday party</cell><cell>Cake on fork, candles on cake, presents</cell></row><row><cell>Complex</cell><cell>Romantic dinner</cell><cell>Wine glass, one candle, candles on cake</cell></row></table></figure>
		</body>
		<back>

			<div type="acknowledgement">
<div><head>Acknowledgments</head><p>The project could not have been completed without the generous support and advice of <rs type="person">Alessandro D'Aussilio</rs> and <rs type="person">Luciano Fadiga</rs>. We also thank three anonymous reviewers, as well as <rs type="person">Chris Bailey</rs>, <rs type="person">Torben Lund</rs>, <rs type="person">Dora Zeidler</rs>, and <rs type="person">Michael Geneser</rs> for their helpful input.</p></div>
			</div>
			<div type="funding">
<div><p><rs type="person">J. Michael</rs> was supported by a grant from the <rs type="funder">European Cooperation in Science and Technology Short-Term Scientific Mission</rs> <rs type="grantNumber">BM0605-8202</rs>. <rs type="person">M. Overgaard</rs> and <rs type="person">K. Sandberg</rs> were supported by a starting grant from the <rs type="funder">European Research Council</rs>.</p></div>
			</div>
			<listOrg type="funding">
				<org type="funding" xml:id="_2CXMCHq">
					<idno type="grant-number">BM0605-8202</idno>
				</org>
			</listOrg>
			<div type="annex">
<div xmlns="http://www.tei-c.org/ns/1.0"><head>Author Contributions</head><p>J. Michael, K. Sandberg, M. Overgaard, and C. D. Frith developed the study concept. J. Michael, K. Sandberg, M. Overgaard, T. Wolf, and C. D. Frith designed the study. Testing and data collection were performed by J. Michael, J. Blicher, and K. Sandberg. The data were analyzed and interpreted by J. Skewes, J. Michael, T. Wolf, K. Sandberg, and M. Overgaard. J. Michael drafted the manuscript. All other authors provided critical revisions. All authors approved the final version of the manuscript for submission.</p></div>
<div xmlns="http://www.tei-c.org/ns/1.0"><head>Declaration of Conflicting Interests</head><p>The authors declared that they had no conflicts of interest with respect to their authorship or the publication of this article.</p></div>			</div>
			<div type="references">

				<listBibl>

<biblStruct xml:id="b0">
	<analytic>
		<title level="a" type="main">Recovery from ideomotor apraxia: A study on acute stroke patients</title>
		<author>
			<persName><forename type="first">A</forename><surname>Basso</surname></persName>
		</author>
		<author>
			<persName><forename type="first">E</forename><surname>Capitani</surname></persName>
		</author>
		<author>
			<persName><forename type="first">S</forename><surname>Della Sala</surname></persName>
		</author>
		<author>
			<persName><forename type="first">M</forename><surname>Laiacona</surname></persName>
		</author>
		<author>
			<persName><forename type="first">H</forename><surname>Spinnler</surname></persName>
		</author>
	</analytic>
	<monogr>
		<title level="j">Brain</title>
		<imprint>
			<biblScope unit="volume">110</biblScope>
			<biblScope unit="page" from="747" to="760" />
			<date type="published" when="1987">1987</date>
		</imprint>
	</monogr>
</biblStruct>

<biblStruct xml:id="b1">
	<analytic>
		<title level="a" type="main">Action observation activates premotor and parietal areas in a somatotopic manner: An fMRI study</title>
		<author>
			<persName><forename type="first">G</forename><surname>Buccino</surname></persName>
		</author>
		<author>
			<persName><forename type="first">F</forename><surname>Binkofski</surname></persName>
		</author>
		<author>
			<persName><forename type="first">G</forename><forename type="middle">R</forename><surname>Fink</surname></persName>
		</author>
		<author>
			<persName><forename type="first">L</forename><surname>Fadiga</surname></persName>
		</author>
		<author>
			<persName><forename type="first">L</forename><surname>Fogassi</surname></persName>
		</author>
		<author>
			<persName><forename type="first">V</forename><surname>Gallese</surname></persName>
		</author>
		<author>
			<persName><forename type="first">.</forename><forename type="middle">.</forename><surname>Freund</surname></persName>
		</author>
		<author>
			<persName><forename type="first">H</forename><forename type="middle">J</forename></persName>
		</author>
	</analytic>
	<monogr>
		<title level="j">European Journal of Neuroscience</title>
		<imprint>
			<biblScope unit="volume">13</biblScope>
			<biblScope unit="page" from="400" to="404" />
			<date type="published" when="2001">2001</date>
		</imprint>
	</monogr>
</biblStruct>

<biblStruct xml:id="b2">
	<analytic>
		<title level="a" type="main">On beyond mirror neurons: Internal representations subserving imitation and recognition of skilled object-related actions in humans</title>
		<author>
			<persName><forename type="first">L</forename><forename type="middle">J</forename><surname>Buxbaum</surname></persName>
		</author>
		<author>
			<persName><forename type="first">K</forename><forename type="middle">M</forename><surname>Kyle</surname></persName>
		</author>
		<author>
			<persName><forename type="first">R</forename><surname>Menon</surname></persName>
		</author>
	</analytic>
	<monogr>
		<title level="j">Cognitive Brain Research</title>
		<imprint>
			<biblScope unit="volume">25</biblScope>
			<biblScope unit="page" from="226" to="239" />
			<date type="published" when="2005">2005</date>
		</imprint>
	</monogr>
</biblStruct>

<biblStruct xml:id="b3">
	<analytic>
		<title level="a" type="main">Statedependent TMS reveals a hierarchical representation of observed acts in the temporal, parietal, and premotor cortices</title>
		<author>
			<persName><forename type="first">L</forename><surname>Cattaneo</surname></persName>
		</author>
		<author>
			<persName><forename type="first">M</forename><surname>Sandrini</surname></persName>
		</author>
		<author>
			<persName><forename type="first">J</forename><surname>Schwarzbach</surname></persName>
		</author>
	</analytic>
	<monogr>
		<title level="j">Cerebral Cortex</title>
		<imprint>
			<biblScope unit="volume">20</biblScope>
			<biblScope unit="page" from="2252" to="2258" />
			<date type="published" when="2010">2010</date>
		</imprint>
	</monogr>
</biblStruct>

<biblStruct xml:id="b4">
	<analytic>
		<title level="a" type="main">Intracortical inhibition and facilitation in different representations of the human motor cortex</title>
		<author>
			<persName><forename type="first">R</forename><surname>Chen</surname></persName>
		</author>
		<author>
			<persName><forename type="first">A</forename><surname>Tam</surname></persName>
		</author>
		<author>
			<persName><forename type="first">C</forename><surname>Butefisch</surname></persName>
		</author>
		<author>
			<persName><forename type="first">B</forename><surname>Corwell</surname></persName>
		</author>
		<author>
			<persName><forename type="first">U</forename><surname>Ziemann</surname></persName>
		</author>
		<author>
			<persName><forename type="first">J</forename><forename type="middle">C</forename><surname>Rothwell</surname></persName>
		</author>
		<author>
			<persName><forename type="first">L</forename><forename type="middle">G</forename><surname>Cohen</surname></persName>
		</author>
	</analytic>
	<monogr>
		<title level="j">Journal of Neurophysiology</title>
		<imprint>
			<biblScope unit="volume">80</biblScope>
			<biblScope unit="page" from="2870" to="2881" />
			<date type="published" when="1998">1998</date>
		</imprint>
	</monogr>
</biblStruct>

<biblStruct xml:id="b5">
	<analytic>
		<title level="a" type="main">Mirror neurons: From origin to function</title>
		<author>
			<persName><forename type="first">R</forename><surname>Cook</surname></persName>
		</author>
		<author>
			<persName><forename type="first">G</forename><surname>Bird</surname></persName>
		</author>
		<author>
			<persName><forename type="first">C</forename><surname>Catmur</surname></persName>
		</author>
		<author>
			<persName><forename type="first">C</forename><surname>Press</surname></persName>
		</author>
		<author>
			<persName><forename type="first">C</forename><forename type="middle">M</forename><surname>Heyes</surname></persName>
		</author>
	</analytic>
	<monogr>
		<title level="j">Behavioral &amp; Brain Sciences</title>
		<imprint/>
	</monogr>
	<note>in press</note>
</biblStruct>

<biblStruct xml:id="b6">
	<analytic>
		<title level="a" type="main">Action mirroring and action understanding: An alternative account</title>
		<author>
			<persName><forename type="first">G</forename><surname>Csibra</surname></persName>
		</author>
	</analytic>
	<monogr>
		<title level="m">Sensorimotor foundation of higher cognition: Attention and performance</title>
		<editor>
			<persName><forename type="first">P</forename><surname>Haggard</surname></persName>
		</editor>
		<editor>
			<persName><forename type="first">Y</forename><surname>Rossetti</surname></persName>
		</editor>
		<editor>
			<persName><forename type="first">M</forename><surname>Kawato</surname></persName>
		</editor>
		<meeting><address><addrLine>Oxford, England</addrLine></address></meeting>
		<imprint>
			<publisher>Oxford University Press</publisher>
			<date type="published" when="2008">2008</date>
			<biblScope unit="page" from="435" to="458" />
		</imprint>
	</monogr>
</biblStruct>

<biblStruct xml:id="b7">
	<analytic>
		<title level="a" type="main">Understanding motor events: A neurophysiological study</title>
		<author>
			<persName><forename type="first">G</forename><surname>Di Pellegrino</surname></persName>
		</author>
		<author>
			<persName><forename type="first">L</forename><surname>Fadiga</surname></persName>
		</author>
		<author>
			<persName><forename type="first">L</forename><surname>Fogassi</surname></persName>
		</author>
		<author>
			<persName><forename type="first">V</forename><surname>Gallese</surname></persName>
		</author>
		<author>
			<persName><forename type="first">G</forename><surname>Rizzolatti</surname></persName>
		</author>
	</analytic>
	<monogr>
		<title level="j">Experimental Brain Research</title>
		<imprint>
			<biblScope unit="volume">91</biblScope>
			<biblScope unit="page" from="176" to="180" />
			<date type="published" when="1992">1992</date>
		</imprint>
	</monogr>
</biblStruct>

<biblStruct xml:id="b8">
	<analytic>
		<title level="a" type="main">The role of social cognition in decision making</title>
		<author>
			<persName><forename type="first">C</forename><forename type="middle">D</forename><surname>Frith</surname></persName>
		</author>
		<author>
			<persName><forename type="first">T</forename><surname>Singer</surname></persName>
		</author>
	</analytic>
	<monogr>
		<title level="j">Philosophical Transactions of the Royal Society B: Biological Sciences</title>
		<imprint>
			<biblScope unit="volume">363</biblScope>
			<biblScope unit="page" from="3875" to="3886" />
			<date type="published" when="2008">2008</date>
		</imprint>
	</monogr>
</biblStruct>

<biblStruct xml:id="b9">
	<analytic>
		<title level="a" type="main">Action recognition in the premotor cortex</title>
		<author>
			<persName><forename type="first">V</forename><surname>Gallese</surname></persName>
		</author>
		<author>
			<persName><forename type="first">L</forename><surname>Fadiga</surname></persName>
		</author>
		<author>
			<persName><forename type="first">L</forename><surname>Fogassi</surname></persName>
		</author>
		<author>
			<persName><forename type="first">G</forename><surname>Rizzolatti</surname></persName>
		</author>
	</analytic>
	<monogr>
		<title level="j">Brain</title>
		<imprint>
			<biblScope unit="volume">119</biblScope>
			<biblScope unit="page" from="593" to="609" />
			<date type="published" when="1996">1996</date>
		</imprint>
	</monogr>
</biblStruct>

<biblStruct xml:id="b10">
	<analytic>
		<title level="a" type="main">A unifying view of the basis of social cognition</title>
		<author>
			<persName><forename type="first">V</forename><surname>Gallese</surname></persName>
		</author>
		<author>
			<persName><forename type="first">C</forename><surname>Keysers</surname></persName>
		</author>
		<author>
			<persName><forename type="first">G</forename><surname>Rizzolatti</surname></persName>
		</author>
	</analytic>
	<monogr>
		<title level="j">Trends in Cognitive Sciences</title>
		<imprint>
			<biblScope unit="volume">8</biblScope>
			<biblScope unit="page" from="396" to="403" />
			<date type="published" when="2004">2004</date>
		</imprint>
	</monogr>
</biblStruct>

<biblStruct xml:id="b11">
	<analytic>
		<title level="a" type="main">The observation and execution of actions share motor and somatosensory voxels in all tested subjects: Single-subject analyses of unsmoothed fMRI data</title>
		<author>
			<persName><forename type="first">V</forename><surname>Gazzola</surname></persName>
		</author>
		<author>
			<persName><forename type="first">C</forename><surname>Keysers</surname></persName>
		</author>
	</analytic>
	<monogr>
		<title level="j">Cerebral Cortex</title>
		<imprint>
			<biblScope unit="volume">19</biblScope>
			<biblScope unit="page" from="1239" to="1255" />
			<date type="published" when="2009">2009</date>
		</imprint>
	</monogr>
</biblStruct>

<biblStruct xml:id="b12">
	<analytic>
		<title level="a" type="main">Functional organization of inferior area 6 in the macaque monkey: I. Somatotopy and the control of proximal movements</title>
		<author>
			<persName><forename type="first">M</forename><surname>Gentilucci</surname></persName>
		</author>
		<author>
			<persName><forename type="first">L</forename><surname>Fogassi</surname></persName>
		</author>
		<author>
			<persName><forename type="first">G</forename><surname>Luppino</surname></persName>
		</author>
		<author>
			<persName><forename type="first">M</forename><surname>Matelli</surname></persName>
		</author>
		<author>
			<persName><forename type="first">R</forename><surname>Camarda</surname></persName>
		</author>
		<author>
			<persName><forename type="first">G</forename><surname>Rizzolatti</surname></persName>
		</author>
	</analytic>
	<monogr>
		<title level="j">Experimental Brain Research</title>
		<imprint>
			<biblScope unit="volume">71</biblScope>
			<biblScope unit="page" from="475" to="490" />
			<date type="published" when="1988">1988</date>
		</imprint>
	</monogr>
</biblStruct>

<biblStruct xml:id="b13">
	<analytic>
		<title level="a" type="main">Depression of human corticospinal excitability induced by magnetic theta-burst stimulation: Evidence of rapid polarity-reversing metaplasticity</title>
		<author>
			<persName><forename type="first">R</forename><surname>Gentner</surname></persName>
		</author>
		<author>
			<persName><forename type="first">K</forename><surname>Wankerl</surname></persName>
		</author>
		<author>
			<persName><forename type="first">C</forename><surname>Reinsberger</surname></persName>
		</author>
		<author>
			<persName><forename type="first">D</forename><surname>Zeller</surname></persName>
		</author>
		<author>
			<persName><forename type="first">J</forename><surname>Classen</surname></persName>
		</author>
	</analytic>
	<monogr>
		<title level="j">Cerebral Cortex</title>
		<imprint>
			<biblScope unit="volume">18</biblScope>
			<biblScope unit="page" from="2046" to="2053" />
			<date type="published" when="2008">2008</date>
		</imprint>
	</monogr>
</biblStruct>

<biblStruct xml:id="b14">
	<analytic>
		<title level="a" type="main">Somatotopy of monkey premotor cortex examined with microstimulation</title>
		<author>
			<persName><forename type="first">M</forename><surname>Godschalk</surname></persName>
		</author>
		<author>
			<persName><forename type="first">A</forename><forename type="middle">R</forename><surname>Mitz</surname></persName>
		</author>
		<author>
			<persName><forename type="first">B</forename><surname>Van Duin</surname></persName>
		</author>
		<author>
			<persName><forename type="first">H</forename><surname>Van Der Burg</surname></persName>
		</author>
	</analytic>
	<monogr>
		<title level="j">Neuroscience Research</title>
		<imprint>
			<biblScope unit="volume">23</biblScope>
			<biblScope unit="page" from="269" to="279" />
			<date type="published" when="1995">1995</date>
		</imprint>
	</monogr>
</biblStruct>

<biblStruct xml:id="b15">
	<analytic>
		<title level="a" type="main">The motor hierarchy: From kinematics to goals and intentions</title>
		<author>
			<persName><forename type="first">A</forename><surname>Hamilton</surname></persName>
		</author>
		<author>
			<persName><forename type="first">S</forename><surname>Grafton</surname></persName>
		</author>
	</analytic>
	<monogr>
		<title level="m">Sensorimotor foundations of higher cognition: Attention and performance</title>
		<editor>
			<persName><forename type="first">P</forename><surname>Haggard</surname></persName>
		</editor>
		<editor>
			<persName><forename type="first">Y</forename><surname>Rossetti</surname></persName>
		</editor>
		<editor>
			<persName><forename type="first">M</forename><surname>Kawato</surname></persName>
		</editor>
		<meeting><address><addrLine>Oxford, England</addrLine></address></meeting>
		<imprint>
			<publisher>Oxford University Press</publisher>
			<date type="published" when="2007">2007</date>
			<biblScope unit="page" from="381" to="408" />
		</imprint>
	</monogr>
</biblStruct>

<biblStruct xml:id="b16">
	<analytic>
		<title level="a" type="main">Somatotopic representation of action words in the motor and premotor cortex</title>
		<author>
			<persName><forename type="first">O</forename><surname>Hauk</surname></persName>
		</author>
		<author>
			<persName><forename type="first">I</forename><surname>Johnsrude</surname></persName>
		</author>
		<author>
			<persName><forename type="first">F</forename><surname>Pulvermüller</surname></persName>
		</author>
	</analytic>
	<monogr>
		<title level="j">Neuron</title>
		<imprint>
			<biblScope unit="volume">41</biblScope>
			<biblScope unit="page" from="301" to="307" />
			<date type="published" when="2004">2004</date>
		</imprint>
	</monogr>
</biblStruct>

<biblStruct xml:id="b17">
	<analytic>
		<title level="a" type="main">Eight problems for the mirror neuron theory of action understanding in monkeys and humans</title>
		<author>
			<persName><forename type="first">G</forename><surname>Hickok</surname></persName>
		</author>
	</analytic>
	<monogr>
		<title level="j">Journal of Cognitive Neuroscience</title>
		<imprint>
			<biblScope unit="volume">21</biblScope>
			<biblScope unit="page" from="1229" to="1243" />
			<date type="published" when="2009">2009</date>
		</imprint>
	</monogr>
</biblStruct>

<biblStruct xml:id="b18">
	<analytic>
		<title level="a" type="main">Theta burst stimulation of the human motor cortex</title>
		<author>
			<persName><forename type="first">Y</forename><forename type="middle">Z</forename><surname>Huang</surname></persName>
		</author>
		<author>
			<persName><forename type="first">M</forename><forename type="middle">J</forename><surname>Edwards</surname></persName>
		</author>
		<author>
			<persName><forename type="first">E</forename><surname>Rounis</surname></persName>
		</author>
		<author>
			<persName><forename type="first">K</forename><forename type="middle">P</forename><surname>Bhatia</surname></persName>
		</author>
		<author>
			<persName><forename type="first">J</forename><forename type="middle">C</forename><surname>Rothwell</surname></persName>
		</author>
	</analytic>
	<monogr>
		<title level="j">Neuron</title>
		<imprint>
			<biblScope unit="volume">45</biblScope>
			<biblScope unit="page" from="201" to="206" />
			<date type="published" when="2005">2005</date>
		</imprint>
	</monogr>
</biblStruct>

<biblStruct xml:id="b19">
	<analytic>
		<title level="a" type="main">The effect of continuous theta burst stimulation over premotor cortex on circuits in primary motor cortex and spinal cord</title>
		<author>
			<persName><forename type="first">Y</forename><forename type="middle">Z</forename><surname>Huang</surname></persName>
		</author>
		<author>
			<persName><forename type="first">J</forename><forename type="middle">C</forename><surname>Rothwell</surname></persName>
		</author>
		<author>
			<persName><forename type="first">C</forename><forename type="middle">S</forename><surname>Lu</surname></persName>
		</author>
		<author>
			<persName><forename type="first">J</forename><surname>Wang</surname></persName>
		</author>
		<author>
			<persName><forename type="first">Y</forename><forename type="middle">H</forename><surname>Weng</surname></persName>
		</author>
		<author>
			<persName><forename type="first">S</forename><forename type="middle">C</forename><surname>Lai</surname></persName>
		</author>
		<author>
			<persName><forename type="first">R</forename><forename type="middle">S</forename><surname>Chen</surname></persName>
		</author>
	</analytic>
	<monogr>
		<title level="j">Clinical Neurophysiology</title>
		<imprint>
			<biblScope unit="volume">120</biblScope>
			<biblScope unit="page" from="796" to="801" />
			<date type="published" when="2009">2009</date>
		</imprint>
	</monogr>
</biblStruct>

<biblStruct xml:id="b20">
	<analytic>
		<title level="a" type="main">Grasping the intentions of others with one&apos;s own mirror neuron system</title>
		<author>
			<persName><forename type="first">M</forename><surname>Iacoboni</surname></persName>
		</author>
		<author>
			<persName><forename type="first">I</forename><surname>Molnar-Szakacs</surname></persName>
		</author>
		<author>
			<persName><forename type="first">V</forename><surname>Gallese</surname></persName>
		</author>
		<author>
			<persName><forename type="first">G</forename><surname>Buccino</surname></persName>
		</author>
		<author>
			<persName><forename type="first">J</forename><forename type="middle">C</forename><surname>Mazziotta</surname></persName>
		</author>
		<author>
			<persName><forename type="first">G</forename><surname>Rizzolatti</surname></persName>
		</author>
		<ptr target="http://www.plosbiology.org/article/info%3Adoi%2F10.1371%2Fjournal.pbio.0030079" />
	</analytic>
	<monogr>
		<title level="j">PLoS Biology</title>
		<imprint>
			<biblScope unit="volume">3</biblScope>
			<biblScope unit="page" from="529" to="535" />
			<date type="published" when="2005">2005</date>
		</imprint>
	</monogr>
</biblStruct>

<biblStruct xml:id="b21">
	<analytic>
		<title level="a" type="main">Coding observed motor acts: Different organizational principles in parietal and premotor cortex of humans</title>
		<author>
			<persName><forename type="first">J</forename><surname>Jastorff</surname></persName>
		</author>
		<author>
			<persName><forename type="first">C</forename><surname>Begliomini</surname></persName>
		</author>
		<author>
			<persName><forename type="first">M</forename><surname>Fabbri-Destro</surname></persName>
		</author>
		<author>
			<persName><forename type="first">G</forename><surname>Rizzolatti</surname></persName>
		</author>
		<author>
			<persName><forename type="first">G</forename><surname>Orban</surname></persName>
		</author>
	</analytic>
	<monogr>
		<title level="j">Journal of Neurophysiology</title>
		<imprint>
			<biblScope unit="volume">104</biblScope>
			<biblScope unit="page" from="128" to="140" />
			<date type="published" when="2010">2010</date>
		</imprint>
	</monogr>
</biblStruct>

<biblStruct xml:id="b22">
	<analytic>
		<title level="a" type="main">Predictive coding: An account of the mirror neuron system</title>
		<author>
			<persName><forename type="first">J</forename><surname>Kilner</surname></persName>
		</author>
		<author>
			<persName><forename type="first">K</forename><surname>Friston</surname></persName>
		</author>
		<author>
			<persName><forename type="first">C</forename><surname>Frith</surname></persName>
		</author>
	</analytic>
	<monogr>
		<title level="j">Cognitive Processing</title>
		<imprint>
			<biblScope unit="volume">8</biblScope>
			<biblScope unit="page" from="159" to="166" />
			<date type="published" when="2007">2007</date>
		</imprint>
	</monogr>
</biblStruct>

<biblStruct xml:id="b23">
	<analytic>
		<title level="a" type="main">Evidence of mirror neurons in human inferior frontal gyrus</title>
		<author>
			<persName><forename type="first">J</forename><surname>Kilner</surname></persName>
		</author>
		<author>
			<persName><forename type="first">A</forename><surname>Neal</surname></persName>
		</author>
		<author>
			<persName><forename type="first">N</forename><surname>Weiskopf</surname></persName>
		</author>
		<author>
			<persName><forename type="first">K</forename><surname>Friston</surname></persName>
		</author>
		<author>
			<persName><forename type="first">C</forename><surname>Frith</surname></persName>
		</author>
	</analytic>
	<monogr>
		<title level="j">The Journal of Neuroscience</title>
		<imprint>
			<biblScope unit="volume">29</biblScope>
			<biblScope unit="page" from="10153" to="10159" />
			<date type="published" when="2009">2009</date>
		</imprint>
	</monogr>
</biblStruct>

<biblStruct xml:id="b24">
	<analytic>
		<title level="a" type="main">Charting the excitability of premotor to motor connections while withholding or initiating a selected movement</title>
		<author>
			<persName><forename type="first">J</forename><surname>Kroeger</surname></persName>
		</author>
		<author>
			<persName><forename type="first">T</forename><surname>Bäumer</surname></persName>
		</author>
		<author>
			<persName><forename type="first">M</forename><surname>Jonas</surname></persName>
		</author>
		<author>
			<persName><forename type="first">J</forename><surname>Rothwell</surname></persName>
		</author>
		<author>
			<persName><forename type="first">H</forename><surname>Siebner</surname></persName>
		</author>
		<author>
			<persName><forename type="first">A</forename><surname>Münchau</surname></persName>
		</author>
	</analytic>
	<monogr>
		<title level="j">European Journal of Neuroscience</title>
		<imprint>
			<biblScope unit="volume">32</biblScope>
			<biblScope unit="page" from="1771" to="1779" />
			<date type="published" when="2010">2010</date>
		</imprint>
	</monogr>
</biblStruct>

<biblStruct xml:id="b25">
	<analytic>
		<title level="a" type="main">The elusive lesion-apraxia of speech link in Broca&apos;s aphasia</title>
		<author>
			<persName><forename type="first">T</forename><surname>Marquardt</surname></persName>
		</author>
		<author>
			<persName><forename type="first">H</forename><surname>Sussman</surname></persName>
		</author>
	</analytic>
	<monogr>
		<title level="m">Apraxia of speech: Physiology, acoustics, linguistics, management</title>
		<editor>
			<persName><forename type="first">J</forename><forename type="middle">C</forename><surname>Rosenbek</surname></persName>
		</editor>
		<editor>
			<persName><forename type="first">M</forename><forename type="middle">R</forename><surname>Mcneil</surname></persName>
		</editor>
		<editor>
			<persName><forename type="first">A</forename><forename type="middle">E</forename><surname>Aronson</surname></persName>
		</editor>
		<meeting><address><addrLine>San Diego, CA</addrLine></address></meeting>
		<imprint>
			<publisher>College-Hill Press</publisher>
			<date type="published" when="1984">1984</date>
			<biblScope unit="page" from="91" to="112" />
		</imprint>
	</monogr>
</biblStruct>

<biblStruct xml:id="b26">
	<analytic>
		<title level="a" type="main">The neural basis of body form and body action agnosia</title>
		<author>
			<persName><forename type="first">V</forename><surname>Moro</surname></persName>
		</author>
		<author>
			<persName><forename type="first">C</forename><surname>Urgesi</surname></persName>
		</author>
		<author>
			<persName><forename type="first">S</forename><surname>Pernigo</surname></persName>
		</author>
		<author>
			<persName><forename type="first">P</forename><surname>Lanteri</surname></persName>
		</author>
		<author>
			<persName><forename type="first">M</forename><surname>Pazzaglia</surname></persName>
		</author>
		<author>
			<persName><forename type="first">S</forename><forename type="middle">M</forename><surname>Aglioti</surname></persName>
		</author>
	</analytic>
	<monogr>
		<title level="j">Neuron</title>
		<imprint>
			<biblScope unit="volume">60</biblScope>
			<biblScope unit="page" from="235" to="246" />
			<date type="published" when="2008">2008</date>
		</imprint>
	</monogr>
</biblStruct>

<biblStruct xml:id="b27">
	<analytic>
		<title level="a" type="main">Single-neuron responses in humans during execution and observation of actions</title>
		<author>
			<persName><forename type="first">R</forename><surname>Mukamel</surname></persName>
		</author>
		<author>
			<persName><forename type="first">A</forename><forename type="middle">D</forename><surname>Ekstrom</surname></persName>
		</author>
		<author>
			<persName><forename type="first">J</forename><surname>Kaplan</surname></persName>
		</author>
		<author>
			<persName><forename type="first">M</forename><surname>Iacoboni</surname></persName>
		</author>
		<author>
			<persName><forename type="first">I</forename><surname>Fried</surname></persName>
		</author>
	</analytic>
	<monogr>
		<title level="j">Current Biology</title>
		<imprint>
			<biblScope unit="volume">20</biblScope>
			<biblScope unit="page" from="750" to="756" />
			<date type="published" when="2010">2010</date>
		</imprint>
	</monogr>
</biblStruct>

<biblStruct xml:id="b28">
	<analytic>
		<title level="a" type="main">Functional connectivity of human premotor and motor cortex explored with repetitive transcranial magnetic stimulation</title>
		<author>
			<persName><forename type="first">A</forename><surname>Münchau</surname></persName>
		</author>
		<author>
			<persName><forename type="first">B</forename><forename type="middle">R</forename><surname>Bloem</surname></persName>
		</author>
		<author>
			<persName><forename type="first">K</forename><surname>Irlbacher</surname></persName>
		</author>
		<author>
			<persName><forename type="first">M</forename><forename type="middle">R</forename><surname>Trimble</surname></persName>
		</author>
		<author>
			<persName><forename type="first">J</forename><forename type="middle">C</forename><surname>Rothwell</surname></persName>
		</author>
	</analytic>
	<monogr>
		<title level="j">The Journal of Neuroscience</title>
		<imprint>
			<biblScope unit="volume">22</biblScope>
			<biblScope unit="page" from="554" to="561" />
			<date type="published" when="2002">2002</date>
		</imprint>
	</monogr>
</biblStruct>

<biblStruct xml:id="b29">
	<analytic>
		<title level="a" type="main">Neural underpinnings of gesture discrimination in patients with limb apraxia</title>
		<author>
			<persName><forename type="first">M</forename><surname>Pazzaglia</surname></persName>
		</author>
		<author>
			<persName><forename type="first">N</forename><surname>Smania</surname></persName>
		</author>
		<author>
			<persName><forename type="first">E</forename><surname>Corato</surname></persName>
		</author>
		<author>
			<persName><forename type="first">S</forename><forename type="middle">M</forename><surname>Aglioti</surname></persName>
		</author>
	</analytic>
	<monogr>
		<title level="j">The Journal of Neuroscience</title>
		<imprint>
			<biblScope unit="volume">28</biblScope>
			<biblScope unit="page" from="3030" to="3041" />
			<date type="published" when="2008">2008</date>
		</imprint>
	</monogr>
</biblStruct>

<biblStruct xml:id="b30">
	<analytic>
		<title level="a" type="main">Action understanding requires the left inferior frontal cortex</title>
		<author>
			<persName><forename type="first">G</forename><surname>Pobric</surname></persName>
		</author>
		<author>
			<persName><forename type="first">A</forename><surname>Hamilton</surname></persName>
		</author>
	</analytic>
	<monogr>
		<title level="j">Current Biology</title>
		<imprint>
			<biblScope unit="volume">16</biblScope>
			<biblScope unit="page" from="524" to="529" />
			<date type="published" when="2006">2006</date>
		</imprint>
	</monogr>
</biblStruct>

<biblStruct xml:id="b31">
	<analytic>
		<title level="a" type="main">Progressive ideomotor apraxia: Evidence for a selective impairment of the action production system</title>
		<author>
			<persName><forename type="first">S</forename><forename type="middle">Z</forename><surname>Rapcsak</surname></persName>
		</author>
		<author>
			<persName><forename type="first">C</forename><surname>Ochipa</surname></persName>
		</author>
		<author>
			<persName><forename type="first">K</forename><forename type="middle">C</forename><surname>Anderson</surname></persName>
		</author>
		<author>
			<persName><forename type="first">H</forename><surname>Poizner</surname></persName>
		</author>
	</analytic>
	<monogr>
		<title level="j">Brain and Cognition</title>
		<imprint>
			<biblScope unit="volume">27</biblScope>
			<biblScope unit="page" from="213" to="236" />
			<date type="published" when="1995">1995</date>
		</imprint>
	</monogr>
</biblStruct>

<biblStruct xml:id="b32">
	<analytic>
		<title level="a" type="main">Functional organization of inferior area 6 in the macaque monkey: II. Area F5 and the control of distal movements</title>
		<author>
			<persName><forename type="first">G</forename><surname>Rizzolatti</surname></persName>
		</author>
		<author>
			<persName><forename type="first">R</forename><surname>Camarda</surname></persName>
		</author>
		<author>
			<persName><forename type="first">L</forename><surname>Fogassi</surname></persName>
		</author>
		<author>
			<persName><forename type="first">M</forename><surname>Gentilucci</surname></persName>
		</author>
		<author>
			<persName><forename type="first">G</forename><surname>Luppino</surname></persName>
		</author>
		<author>
			<persName><forename type="first">M</forename><surname>Matelli</surname></persName>
		</author>
	</analytic>
	<monogr>
		<title level="j">Experimental Brain Research</title>
		<imprint>
			<biblScope unit="volume">71</biblScope>
			<biblScope unit="page" from="491" to="507" />
			<date type="published" when="1988">1988</date>
		</imprint>
	</monogr>
</biblStruct>

<biblStruct xml:id="b33">
	<analytic>
		<title level="a" type="main">The mirror-neuron system</title>
		<author>
			<persName><forename type="first">G</forename><surname>Rizzolatti</surname></persName>
		</author>
		<author>
			<persName><forename type="first">L</forename><surname>Craighero</surname></persName>
		</author>
	</analytic>
	<monogr>
		<title level="j">Annual Review of Neuroscience</title>
		<imprint>
			<biblScope unit="volume">27</biblScope>
			<biblScope unit="page" from="169" to="192" />
			<date type="published" when="2004">2004</date>
		</imprint>
	</monogr>
</biblStruct>

<biblStruct xml:id="b34">
	<analytic>
		<title level="a" type="main">Premotor cortex and the recognition of motor actions</title>
		<author>
			<persName><forename type="first">G</forename><surname>Rizzolatti</surname></persName>
		</author>
		<author>
			<persName><forename type="first">L</forename><surname>Fadiga</surname></persName>
		</author>
		<author>
			<persName><forename type="first">V</forename><surname>Gallese</surname></persName>
		</author>
		<author>
			<persName><forename type="first">L</forename><surname>Fogassi</surname></persName>
		</author>
	</analytic>
	<monogr>
		<title level="j">Cognitive Brain Research</title>
		<imprint>
			<biblScope unit="volume">3</biblScope>
			<biblScope unit="page" from="131" to="141" />
			<date type="published" when="1996">1996</date>
		</imprint>
	</monogr>
</biblStruct>

<biblStruct xml:id="b35">
	<analytic>
		<title level="a" type="main">Action comprehension in aphasia: Linguistic and nonlinguistic deficits and their lesion correlates</title>
		<author>
			<persName><forename type="first">A</forename><forename type="middle">P</forename><surname>Saygin</surname></persName>
		</author>
		<author>
			<persName><forename type="first">S</forename><forename type="middle">M</forename><surname>Wilson</surname></persName>
		</author>
		<author>
			<persName><forename type="first">N</forename><forename type="middle">F</forename><surname>Dronkers</surname></persName>
		</author>
		<author>
			<persName><forename type="first">E</forename><surname>Bates</surname></persName>
		</author>
	</analytic>
	<monogr>
		<title level="j">Neuropsychologia</title>
		<imprint>
			<biblScope unit="volume">42</biblScope>
			<biblScope unit="page" from="1788" to="1804" />
			<date type="published" when="2004">2004</date>
		</imprint>
	</monogr>
</biblStruct>

<biblStruct xml:id="b36">
	<monogr>
		<author>
			<persName><forename type="first">W</forename><surname>Schneider</surname></persName>
		</author>
		<author>
			<persName><forename type="first">A</forename><surname>Eschman</surname></persName>
		</author>
		<author>
			<persName><forename type="first">A</forename><surname>Zuccolotto</surname></persName>
		</author>
		<title level="m">E-Prime user&apos;s guide</title>
		<meeting><address><addrLine>Pittsburgh, PA</addrLine></address></meeting>
		<imprint>
			<publisher>Psychology Software Tools</publisher>
			<date type="published" when="2001">2001</date>
		</imprint>
	</monogr>
</biblStruct>

<biblStruct xml:id="b37">
	<analytic>
		<title level="a" type="main">Functional-anatomical concepts of human premotor cortex: Evidence from fMRI and PET studies</title>
		<author>
			<persName><forename type="first">R</forename><surname>Schubotz</surname></persName>
		</author>
		<author>
			<persName><forename type="first">Y</forename><surname>Von Cramon</surname></persName>
		</author>
	</analytic>
	<monogr>
		<title level="j">NeuroImage</title>
		<imprint>
			<biblScope unit="volume">20</biblScope>
			<biblScope unit="page" from="120" to="S131" />
			<date type="published" when="2003">2003</date>
		</imprint>
	</monogr>
</biblStruct>

<biblStruct xml:id="b38">
	<analytic>
		<title level="a" type="main">Action simulation plays a critical role in deceptive action recognition</title>
		<author>
			<persName><forename type="first">E</forename><surname>Tidoni</surname></persName>
		</author>
		<author>
			<persName><forename type="first">S</forename><surname>Borgomaneri</surname></persName>
		</author>
		<author>
			<persName><forename type="first">G</forename><surname>Di Pellegrino</surname></persName>
		</author>
		<author>
			<persName><forename type="first">A</forename><surname>Avenanti</surname></persName>
		</author>
	</analytic>
	<monogr>
		<title level="j">The Journal of Neuroscience</title>
		<imprint>
			<biblScope unit="volume">33</biblScope>
			<biblScope unit="page" from="611" to="623" />
			<date type="published" when="2013">2013</date>
		</imprint>
	</monogr>
</biblStruct>

<biblStruct xml:id="b39">
	<analytic>
		<title level="a" type="main">Representation of body identity and body actions in extrastriate body area and ventral premotor cortex</title>
		<author>
			<persName><forename type="first">C</forename><surname>Urgesi</surname></persName>
		</author>
		<author>
			<persName><forename type="first">M</forename><surname>Candidi</surname></persName>
		</author>
		<author>
			<persName><forename type="first">S</forename><surname>Ionta</surname></persName>
		</author>
		<author>
			<persName><forename type="first">S</forename><surname>Aglioti</surname></persName>
		</author>
	</analytic>
	<monogr>
		<title level="j">Nature Neuroscience</title>
		<imprint>
			<biblScope unit="volume">10</biblScope>
			<biblScope unit="page" from="30" to="31" />
			<date type="published" when="2006">2006</date>
		</imprint>
	</monogr>
</biblStruct>

<biblStruct xml:id="b40">
	<analytic>
		<title level="a" type="main">Prefrontal involvement in imitation learning of hand actions: Effects of practice and expertise</title>
		<author>
			<persName><forename type="first">S</forename><surname>Vogt</surname></persName>
		</author>
		<author>
			<persName><forename type="first">G</forename><surname>Buccino</surname></persName>
		</author>
		<author>
			<persName><forename type="first">A</forename><forename type="middle">M</forename><surname>Wohlschlager</surname></persName>
		</author>
		<author>
			<persName><forename type="first">N</forename><surname>Canessa</surname></persName>
		</author>
		<author>
			<persName><forename type="first">N</forename><forename type="middle">J</forename><surname>Shah</surname></persName>
		</author>
		<author>
			<persName><forename type="first">K</forename><surname>Zilles</surname></persName>
		</author>
		<author>
			<persName><forename type="first">.</forename><forename type="middle">.</forename><surname>Fink</surname></persName>
		</author>
		<author>
			<persName><forename type="first">G</forename><forename type="middle">R</forename></persName>
		</author>
	</analytic>
	<monogr>
		<title level="j">NeuroImage</title>
		<imprint>
			<biblScope unit="volume">37</biblScope>
			<biblScope unit="page" from="1371" to="1383" />
			<date type="published" when="2007">2007</date>
		</imprint>
	</monogr>
</biblStruct>

				</listBibl>
			</div>
		</back>
	</text>
</TEI>
